Rk,Player,Age,Pos,G,GS,MP,FG,FGA,FG%,3P,3PA,3P%,2P,2PA,2P%,eFG%,FT,FTA,FT%,ORB,DRB,TRB,AST,STL,BLK,TOV,PF,PTS,Awards
1,Cade Cunningham,24,PG,61,61,34.4,8.7,18.9,0.461,2,5.8,0.346,6.7,13.1,0.513,0.515,5.1,6.2,0.814,0.9,4.7,5.6,9.9,1.5,0.9,3.7,3.1,24.5,AS
2,Jalen Duren,22,C,68,68,28.3,7.4,11.5,0.646,0,0,NA,7.4,11.5,0.646,0.646,4.6,6.2,0.745,3.8,6.8,10.6,1.9,0.8,0.9,1.9,2.8,19.5,AS
3,Tobias Harris,33,PF,60,60,27.9,4.9,10.6,0.464,1.3,3.6,0.349,3.7,7,0.523,0.523,2.2,2.5,0.873,0.8,4.3,5.1,2.6,0.9,0.4,1,1.7,13.2,
4,Duncan Robinson,31,SF,74,74,27.6,4.1,9,0.448,2.9,7,0.408,1.2,2,0.587,0.607,1.1,1.4,0.76,0.4,2.3,2.7,2.1,0.6,0.3,0.7,2.2,12,
5,Ausar Thompson,23,SF,70,69,26.1,4.2,8,0.521,0.1,0.3,0.261,4.1,7.7,0.532,0.526,1.5,2.6,0.565,2.1,3.7,5.8,3.1,2,0.9,1.5,2.7,9.9,
6,Isaiah Stewart,24,C,55,13,23.1,3.8,7,0.541,0.7,2.1,0.333,3.1,4.9,0.632,0.592,1.7,2.3,0.76,1.7,3.4,5.1,1.2,0.3,1.6,1.1,2.8,10,
7,Kevin Huerter,27,SG,23,3,20.7,3.4,7.7,0.441,1.1,4,0.283,2.3,3.7,0.612,0.514,0.5,0.6,0.923,0.5,2.4,2.9,2.4,1,0.3,1,1.3,8.4,
8,Daniss Jenkins,24,PG,69,19,20.3,3.3,7.9,0.418,1,2.7,0.383,2.3,5.2,0.436,0.484,1.8,2.2,0.824,0.7,1.5,2.2,3.8,0.9,0.2,1.6,1.5,9.5,
9,Ron Holland,20,SF,75,5,19.8,3,6.9,0.43,0.6,2.5,0.232,2.4,4.5,0.539,0.471,1.6,1.9,0.801,1.1,2.9,4,1.2,1.2,0.3,1.2,2.3,8.1,
10,Caris LeVert,31,SG,57,0,19.4,2.8,6.6,0.419,1,3.1,0.33,1.8,3.5,0.498,0.496,0.9,1.3,0.658,0.4,1.6,2,2.7,0.8,0.7,1.4,1.6,7.4,
11,Javonte Green,32,SG,79,6,17.8,2.3,5.1,0.443,1.1,3.1,0.373,1.1,2.1,0.545,0.554,1.3,1.5,0.832,0.7,2,2.8,0.7,1.3,0.3,0.6,1.4,6.9,
12,Jaden Ivey,23,SG,33,2,16.8,3,6.7,0.45,1.3,3.4,0.372,1.7,3.2,0.533,0.545,0.9,1.2,0.789,0.6,1.6,2.2,1.6,0.5,0.4,1.1,1.3,8.2,
13,Paul Reed,26,C,62,10,13.9,3.1,5.2,0.6,0.2,0.6,0.333,2.9,4.5,0.637,0.62,1.1,1.7,0.65,2,2.5,4.5,1.2,0.9,0.9,0.9,1.9,7.5,
14,Marcus Sasser,25,PG,35,5,12.7,1.9,4.9,0.4,1.2,2.9,0.43,0.7,2,0.357,0.526,0.4,0.5,0.833,0.2,0.9,1.1,2.1,0.6,0.1,0.9,1.1,5.5,
15,Wendell Moore Jr.,24,SG,5,0,10.8,0.8,1.4,0.571,0,0.2,0,0.8,1.2,0.667,0.571,0.4,0.4,1,0.2,1,1.2,0.6,0.4,0.4,0.2,0.2,2,
16,Tolu Smith,25,PF,13,0,10.1,1.3,2.5,0.515,0,0,NA,1.3,2.5,0.515,0.515,1.3,2,0.654,1.5,2,3.5,0.9,0.2,0.5,0.5,1.7,3.9,
17,Chaz Lanier,24,SG,31,0,8,0.8,2.7,0.306,0.6,2.1,0.281,0.3,0.7,0.381,0.412,0.2,0.2,0.833,0.2,0.5,0.7,0.5,0.2,0,0.1,0.4,2.4,
18,Colby Jones,23,SG,1,0,7,1,3,0.333,0,2,0,1,1,1,0.333,0,0,NA,0,4,4,2,0,0,0,1,2,
19,Bobi Klintman,22,SF,12,0,5.9,0.8,2.3,0.333,0.3,1.1,0.308,0.4,1.2,0.357,0.407,0,0.3,0,0.4,1.2,1.6,0.5,0.3,0,0.5,0.9,1.8,
20,Isaac Jones,25,PF,3,0,3,0.7,1.3,0.5,0,0.3,0,0.7,1,0.667,0.5,0,0,NA,0,1,1,0,0,0.3,0,0,1.3,
NA,Team Totals,NA,,79,79,241.6,43.3,89.6,0.483,10.9,30.9,0.354,32.3,58.7,0.551,0.544,19.9,26.2,0.76,13,32.4,45.5,27.6,10.4,6.3,15.1,22.1,117.3,
1,Jaylen Brown,29,SF,70,70,34.5,10.4,21.9,0.476,2,5.7,0.344,8.4,16.1,0.523,0.521,6,7.6,0.796,1.2,5.8,7,5.2,1,0.4,3.6,2.7,28.8,AS
2,Derrick White,31,SG,75,75,34.3,5.8,14.5,0.397,2.7,8.3,0.33,3,6.2,0.487,0.491,2.4,2.7,0.9,1.1,3.3,4.5,5.4,1.1,1.3,1.8,1.6,16.7,
3,Payton Pritchard,28,PG,77,50,32.3,6.4,13.7,0.463,2.6,7.1,0.374,3.7,6.6,0.557,0.559,1.5,1.7,0.888,0.9,3.1,4,5.1,0.7,0.1,1.4,1.5,16.9,
4,Jayson Tatum,27,PF,15,15,32.1,7.4,17.7,0.419,3,8.9,0.338,4.4,8.8,0.5,0.504,3.8,4.6,0.826,0.5,9.3,9.8,5.1,1.4,0.1,2.2,1.7,21.6,
5,Neemias Queta,26,C,74,73,25.5,4.3,6.6,0.651,0,0.1,0,4.3,6.5,0.66,0.651,1.6,2.3,0.699,3,5.3,8.3,1.6,0.8,1.3,1,2.8,10.3,
6,Sam Hauser,28,PF,76,47,24.7,3.2,7.6,0.417,2.5,6.4,0.387,0.7,1.3,0.568,0.578,0.2,0.3,0.85,0.7,3.1,3.8,1.4,0.5,0.3,0.5,1.4,9.1,
7,Anfernee Simons,26,SG,49,0,24.5,5.1,11.6,0.44,2.7,6.7,0.395,2.4,4.9,0.502,0.555,1.3,1.5,0.889,0.5,1.9,2.4,2.4,0.6,0.1,1.1,1.7,14.2,
8,Nikola Vučević,35,C,14,1,21.1,3.7,8.9,0.416,0.9,3.1,0.295,2.8,5.8,0.481,0.468,1,1.2,0.824,1.6,5.3,6.9,1.8,0.5,0.6,1,1.9,9.4,
9,Baylor Scheierman,25,SG,74,19,18,1.8,4,0.445,1.1,2.9,0.382,0.7,1.1,0.61,0.584,0.3,0.3,0.864,0.8,2.7,3.5,1.4,0.5,0.1,0.6,1.4,5,
10,Jordan Walsh,21,PF,65,22,17.5,2,3.8,0.52,0.7,1.7,0.389,1.3,2.1,0.628,0.608,0.6,0.8,0.755,1.3,2.7,4,0.7,0.7,0.4,0.5,2,5.3,
11,Josh Minott,23,PF,33,10,15.9,2.1,4.1,0.507,1,2.3,0.442,1.1,1.8,0.593,0.632,0.6,0.8,0.769,1.2,2.4,3.6,1,0.7,0.4,0.6,1.5,5.8,
12,Luka Garza,27,C,67,5,15.9,2.8,4.9,0.583,0.8,1.8,0.441,2.1,3.1,0.663,0.663,1.3,1.6,0.764,2.2,1.7,3.9,0.9,0.4,0.4,0.6,2.3,7.7,
13,Hugo González,19,SF,73,3,14.5,1.5,3.3,0.473,0.5,1.5,0.357,1,1.7,0.575,0.556,0.2,0.4,0.5,0.8,2.5,3.3,0.5,0.5,0.3,0.5,1.6,3.8,
14,Chris Boucher,33,PF,9,0,10.4,0.9,2.8,0.32,0.2,1.7,0.133,0.7,1.1,0.6,0.36,0.3,0.4,0.75,0.2,1.8,2,0.3,0.6,0.8,0.1,1.9,2.3,
15,Ron Harper Jr.,25,SF,27,2,10,1.2,3.1,0.398,0.8,2.4,0.344,0.4,0.7,0.579,0.53,0,0.1,0.5,0.5,1,1.5,0.6,0.2,0.3,0.2,0.7,3.3,
16,Xavier Tillman Sr.,27,C,14,1,7.9,1,2.2,0.452,0.2,1.1,0.2,0.8,1.1,0.688,0.5,0,0,NA,0.7,1.1,1.8,0.4,0.4,0.1,0.4,0.6,2.2,
17,Amari Williams,24,PF,21,2,6.5,0.4,0.9,0.474,0,0,NA,0.4,0.9,0.474,0.474,0.5,0.7,0.714,0.4,1.4,1.9,0.4,0.1,0.5,0.5,0.8,1.3,
18,Dalano Banton,26,PG,3,0,5,0.3,1.7,0.2,0,0,NA,0.3,1.7,0.2,0.2,0.7,0.7,1,0,0,0,0.7,0,0.3,0.3,0.3,1.3,
19,Charles Bassey,25,C,5,0,3.4,1.2,1.4,0.857,0,0,NA,1.2,1.4,0.857,0.857,0.4,0.8,0.5,0.8,0.4,1.2,0,0.2,0.4,0.2,0.6,2.8,
20,John Tonje,24,SG,5,0,2.4,0,0.4,0,0,0.4,0,0,0,NA,0,0.4,0.4,1,0,0.4,0.4,0.2,0.2,0,0,0.2,0.4,
21,Max Shulga,23,SG,9,0,1.4,0.1,0.4,0.25,0,0.1,0,0.1,0.3,0.333,0.25,0.2,0.2,1,0.1,0,0.1,0.2,0,0,0.1,0.6,0.4,
NA,Team Totals,NA,,79,79,240.6,42.2,90.3,0.467,15.2,41.8,0.364,26.9,48.4,0.556,0.551,15.1,18.7,0.804,12.6,33.9,46.5,24.5,7.1,5,12.3,18.9,114.6,
1,Jalen Brunson,29,PG,72,72,35,9.3,20,0.464,2.7,7.2,0.37,6.6,12.8,0.516,0.53,4.8,5.8,0.841,0.4,2.9,3.4,6.8,0.8,0.1,2.4,2.3,26,AS
2,OG Anunoby,28,PF,65,65,33.4,5.9,12.2,0.486,2.4,6.1,0.388,3.5,6,0.585,0.584,2.8,3.4,0.826,1.3,4,5.3,2.2,1.6,0.7,1.9,2.4,17,
3,Mikal Bridges,29,SF,79,79,33.3,5.9,12,0.488,1.9,5.2,0.369,3.9,6.8,0.579,0.568,1,1.2,0.825,1,2.9,3.9,3.7,1.3,0.8,1,2,14.7,
4,Karl-Anthony Towns,30,C,73,73,31,6.9,13.8,0.499,1.5,4.1,0.37,5.4,9.7,0.554,0.554,4.8,5.6,0.855,3.1,8.7,11.9,3,0.9,0.5,2.5,3.4,20.1,AS
5,Josh Hart,30,SF,64,50,30.1,4.5,9,0.506,1.5,3.7,0.406,3.1,5.3,0.575,0.589,1.3,1.9,0.723,1.5,6.1,7.5,4.9,1.1,0.3,1.9,2.5,11.9,
6,Miles McBride,25,SG,39,14,26.6,4.2,9.8,0.422,2.7,6.7,0.412,1.4,3.2,0.444,0.561,0.9,1.1,0.814,0.6,1.9,2.5,2.6,0.8,0.2,0.8,1.8,11.9,
7,Landry Shamet,28,SG,49,12,22.9,3.2,7.2,0.439,2,5.2,0.392,1.1,2,0.561,0.581,1.1,1.6,0.711,0.4,1.4,1.8,1.4,0.6,0.2,0.6,1.5,9.5,
8,Mitchell Robinson,27,C,59,16,19.6,2.5,3.4,0.723,0,0,NA,2.5,3.4,0.723,0.723,0.7,1.7,0.406,4.2,4.5,8.8,0.9,0.9,1.2,0.7,2.1,5.6,
9,Jordan Clarkson,33,SG,69,1,17.8,3.3,7.3,0.451,1,3.1,0.332,2.3,4.3,0.536,0.52,1.1,1.3,0.826,0.9,0.9,1.8,1.3,0.4,0.1,0.9,1.7,8.7,
10,Jose Alvarado,27,PG,26,2,16.2,2.3,5.7,0.408,1,3.2,0.317,1.3,2.5,0.523,0.497,0.5,0.6,0.75,0.3,1.5,1.8,3.7,1,0.1,1.1,1.8,6.1,
11,Tyler Kolek,24,PG,62,1,11.7,1.7,4,0.435,0.7,1.8,0.386,1,2.2,0.478,0.524,0.2,0.3,0.7,0.3,1.3,1.6,2.7,0.4,0.1,0.9,1,4.4,
12,Guerschon Yabusele,30,C,41,0,8.9,1,2.6,0.393,0.5,1.7,0.294,0.5,1,0.564,0.486,0.2,0.3,0.667,0.6,1.5,2.1,0.4,0.1,0.1,0.4,0.9,2.7,
13,Ariel Hukporti,23,C,52,4,8.8,0.7,1.3,0.544,0,0.1,0.25,0.7,1.2,0.563,0.551,0.5,0.6,0.788,1,1.8,2.8,0.5,0.2,0.5,0.6,1.2,1.9,
14,Mohamed Diawara,20,SF,67,6,8.8,1.3,3,0.436,0.7,1.8,0.39,0.6,1.2,0.506,0.554,0.2,0.3,0.737,0.2,1.1,1.3,0.7,0.2,0.1,0.4,0.7,3.6,
15,Kevin McCullar Jr.,24,SF,20,0,6.5,0.7,1.8,0.389,0.3,0.9,0.333,0.4,0.9,0.444,0.472,0.1,0.3,0.4,0.5,0.8,1.3,1,0.4,0,0.6,0.9,1.8,
16,Jeremy Sochan,22,PF,14,0,6.1,0.9,1.5,0.619,0,0.3,0,0.9,1.2,0.765,0.619,0.4,0.6,0.75,0.5,1.4,1.9,0.5,0.4,0.1,0.2,0.5,2.3,
17,Trey Jemison,26,C,11,0,5.5,0.4,0.6,0.571,0,0,NA,0.4,0.6,0.571,0.571,0.1,0.1,1,0.7,0.7,1.5,0.3,0.1,0.2,0.5,0.8,0.8,
18,Dillon Jones,24,SF,6,0,4.5,0.2,1,0.167,0.2,0.7,0.25,0,0.3,0,0.25,0.7,0.7,1,0.3,0.7,1,0.7,0.3,0,0,0.8,1.2,
19,Pacôme Dadiet,20,SG,27,0,3.9,0.4,1.3,0.314,0.2,0.9,0.24,0.2,0.4,0.5,0.4,0.2,0.2,1,0.1,0.7,0.8,0.4,0.1,0,0.1,0.2,1.3,
20,Tosan Evbuomwan,24,SF,5,0,1.6,0,0.2,0,0,0,NA,0,0.2,0,0,0,0,NA,0.2,0.2,0.4,0,0,0,0,0.2,0,
NA,Team Totals,NA,,79,79,240.9,42.7,89.7,0.477,14.3,38.3,0.374,28.4,51.3,0.554,0.557,17,21.4,0.793,12.9,33.1,46,27.5,8.1,4,13.8,20,116.8,
1,James Harden,36,PG,24,24,34.2,6.3,13.2,0.481,3.1,7,0.44,3.3,6.2,0.527,0.598,4.8,5.8,0.827,0.5,4.5,5,7.9,0.8,0.5,3.2,2.1,20.5,
2,Donovan Mitchell,29,SG,69,69,33.4,9.7,20.1,0.481,3.2,8.9,0.364,6.4,11.2,0.574,0.562,5.3,6.1,0.863,0.7,3.8,4.5,5.7,1.5,0.3,2.8,2.3,27.8,AS
3,Evan Mobley,24,PF,63,61,32,7.2,13.2,0.548,1,3.3,0.301,6.3,9.9,0.629,0.585,2.8,4.6,0.606,2.4,6.5,8.9,3.7,0.8,1.7,1.9,2.5,18.2,
4,Darius Garland,26,PG,26,26,30.5,6.5,14.5,0.451,2.3,6.3,0.36,4.3,8.2,0.521,0.529,2.6,3,0.861,0.5,2,2.4,6.9,0.8,0.1,2.8,1.8,18,
5,Jarrett Allen,27,C,55,55,27.1,6.1,9.4,0.642,0,0.2,0.1,6,9.3,0.652,0.643,3.2,4.5,0.708,2.6,5.9,8.5,1.8,1,0.9,1.3,1.7,15.3,
6,Jaylon Tyson,23,SG,64,40,27,5,10,0.496,2,4.5,0.455,2.9,5.5,0.53,0.598,1.2,1.6,0.743,1.8,3.3,5.1,2.2,0.8,0.4,1.5,2.5,13.1,
7,Sam Merrill,29,SG,51,38,26.5,4.3,9.4,0.459,3.1,7.3,0.419,1.3,2.1,0.596,0.622,1.2,1.4,0.855,0.5,2.1,2.6,2.4,0.6,0.1,0.8,2.4,12.9,
8,De'Andre Hunter,28,SF,43,23,26.2,4.7,11.2,0.423,1.7,5.5,0.308,3,5.7,0.535,0.499,2.8,3.2,0.869,0.7,3.6,4.2,2.1,0.7,0.1,1.7,2.5,14,
9,Keon Ellis,26,SG,27,6,25.2,3.1,6.2,0.503,1.4,3.7,0.366,1.7,2.4,0.712,0.614,1.1,1.3,0.806,0.9,2,2.8,1.7,1.4,0.9,0.7,2.3,8.7,
10,Max Strus,29,SF,9,3,25.1,4.3,9,0.481,3.3,7.4,0.448,1,1.6,0.643,0.667,0.7,0.9,0.75,0.9,5.1,6,2.2,0.3,0,0.8,3.1,12.7,
11,Dean Wade,29,PF,57,36,22.4,2.1,4.8,0.432,1.2,3.4,0.354,0.9,1.4,0.617,0.557,0.5,0.7,0.711,0.9,3.3,4.2,1.5,0.8,0.4,0.3,1.6,5.8,
12,Dennis Schröder,32,PG,28,3,21.8,2.8,7,0.405,0.6,2.1,0.288,2.2,4.9,0.456,0.449,2.1,2.5,0.855,0.4,2,2.3,4.4,0.8,0.2,1.5,1.4,8.4,
13,Lonzo Ball,28,PG,35,3,20.8,1.5,5,0.301,1.1,4.2,0.272,0.4,0.8,0.448,0.415,0.4,0.6,0.667,0.7,3.3,4,3.9,1.3,0.3,1.5,1.3,4.6,
14,Craig Porter Jr.,25,PG,62,2,17.8,1.8,4,0.444,0.5,1.5,0.348,1.3,2.5,0.5,0.508,0.4,0.6,0.579,1.3,2.1,3.4,3.2,0.9,0.6,0.9,1.1,4.5,
15,Nae'Qwan Tomlin,25,PF,62,2,15.3,2.2,4.7,0.473,0.4,1.7,0.215,1.9,3,0.62,0.512,0.7,0.9,0.754,1.3,1.5,2.8,0.8,0.6,0.5,0.4,2,5.5,
16,Larry Nance Jr.,33,PF,33,2,12.5,1.4,3.5,0.397,0.6,1.8,0.333,0.8,1.7,0.464,0.483,0.2,0.3,0.455,0.8,1.8,2.6,0.9,0.6,0.2,0.5,1.6,3.5,
17,Thomas Bryant,28,C,60,1,12.2,2.3,4.5,0.506,0.8,2.2,0.359,1.5,2.3,0.647,0.594,0.9,1.1,0.803,1,2.4,3.4,0.6,0.3,0.4,0.5,1.3,6.2,
18,Tyrese Proctor,21,PG,48,1,10.4,1.6,4.2,0.393,0.8,2.5,0.336,0.8,1.7,0.476,0.493,0.8,0.9,0.881,0.2,0.9,1.1,1.3,0.5,0,0.6,1.2,4.9,
19,Luke Travers,24,SG,12,0,8.6,0.8,3,0.25,0.1,1.3,0.063,0.7,1.7,0.4,0.264,0.8,0.8,1,0.8,1.3,2,0.8,0.6,0.3,0.3,0.5,2.3,
20,Tristan Enaruna,24,SF,7,0,6.6,1,2.6,0.389,0.1,0.9,0.167,0.9,1.7,0.5,0.417,0,0.1,0,0.7,0.7,1.4,0.4,0.1,0,0.3,0.1,2.1,
21,Chris Livingston,22,SF,3,0,5.7,1.3,2.3,0.571,0,1,0,1.3,1.3,1,0.571,0.3,0.3,1,0,1,1,0.3,0.3,0,0,1.3,3,
22,Riley Minix,25,SF,4,0,4.3,1,1.5,0.667,0.5,0.8,0.667,0.5,0.8,0.667,0.833,0,0,NA,0.3,0.5,0.8,0.8,0,0,0.5,0.5,2.5,
23,Darius Brown II,26,SG,1,0,3,0,1,0,0,0,NA,0,1,0,0,0,0,NA,0,1,1,0,0,0,0,0,0,
24,Olivier Sarr,26,C,2,0,2.5,0,0,NA,0,0,NA,0,0,NA,NA,0.5,1,0.5,0,0,0,0,0,0,0,1,0.5,
NA,Team Totals,NA,,79,79,240.9,43.4,90.1,0.481,14.4,40,0.36,29,50.1,0.578,0.561,18.5,23.9,0.774,11.7,32.6,44.3,28.4,8.5,5,13.9,19.7,119.6,
1,Jalen Johnson,24,SF,70,70,35.3,8.4,17.1,0.492,1.7,4.8,0.354,6.7,12.4,0.544,0.541,4.2,5.3,0.786,1.4,8.9,10.3,8,1.3,0.4,3.4,2,22.7,AS
2,Nickeil Alexander-Walker,27,SG,76,69,33.3,7,15.3,0.457,3.2,8.1,0.399,3.8,7.3,0.521,0.561,3.6,4,0.902,0.7,2.8,3.5,3.7,1.3,0.5,2.1,2.2,20.8,
3,Dyson Daniels,22,SG,74,74,33.2,5.3,10.2,0.517,0.3,1.5,0.186,5,8.7,0.575,0.531,1,1.6,0.619,2.4,4.4,6.8,5.8,2,0.4,1.8,2.1,11.8,
4,Onyeka Okongwu,25,C,72,61,31.1,5.6,11.7,0.479,2,5.3,0.377,3.6,6.5,0.562,0.564,2.1,2.8,0.758,1.9,5.8,7.7,3.2,1.1,1.1,1.8,3.3,15.3,
5,CJ McCollum,34,PG,39,23,28.8,6.9,15.2,0.452,2.3,6.5,0.349,4.6,8.7,0.53,0.527,2.6,3.4,0.752,0.9,2.1,3.1,4.1,0.9,0.6,1.9,1.7,18.6,
6,Trae Young,27,PG,10,10,28,5.6,13.5,0.415,1.8,5.9,0.305,3.8,7.6,0.5,0.481,6.3,7.3,0.863,0,1.5,1.5,8.9,1,0.1,2.6,2,19.3,
7,Kristaps Porziņģis,30,C,17,12,24.3,5.6,12.4,0.457,1.8,5.1,0.36,3.8,7.3,0.524,0.531,4,4.8,0.84,1.2,3.9,5.1,2.7,0.5,1.3,0.9,3.2,17.1,
8,Zaccharie Risacher,20,SF,65,45,22.5,3.7,8,0.457,1.4,3.9,0.373,2.2,4.1,0.535,0.547,0.9,1.4,0.636,1,2.7,3.8,1.1,0.9,0.5,0.8,2.2,9.6,
9,Vít Krejčí,25,PG,46,8,22.3,3.1,6.7,0.464,2.2,5.2,0.423,0.9,1.5,0.609,0.628,0.6,0.8,0.75,0.4,1.7,2.1,1.5,0.8,0.3,0.7,2.3,9,
10,Jonathan Kuminga,23,PF,14,1,21.4,3.9,8.1,0.478,1.1,2.8,0.41,2.7,5.3,0.514,0.549,2.4,3.4,0.688,1.3,4,5.3,2.1,0.9,0.4,1.4,1.4,11.2,
11,Luke Kennard,29,SG,46,0,20.5,2.8,5.2,0.538,1.6,3.2,0.497,1.2,2,0.604,0.692,0.7,0.8,0.914,0.4,1.7,2.2,2.1,0.7,0.1,0.7,1.2,7.9,
12,Jock Landale,30,C,23,2,19.4,3.6,6.9,0.516,1.1,2.8,0.391,2.5,4.1,0.6,0.594,0.9,1.6,0.541,1.8,2.3,4.1,1.7,0.4,0.6,0.6,2.1,9.1,
13,Corey Kispert,26,SF,36,7,18.5,3.2,7.2,0.45,1.4,4.1,0.338,1.8,3.1,0.6,0.547,1.3,1.5,0.855,0.6,1.8,2.4,1.6,0.2,0.2,0.8,1.1,9.1,
14,Mouhamed Gueye,23,PF,75,8,15.3,1.7,3.8,0.452,0.5,1.7,0.304,1.2,2.1,0.57,0.519,0.5,0.8,0.645,1.1,2.4,3.6,0.9,0.8,0.5,0.4,1.6,4.5,
15,Gabe Vincent,29,PG,22,0,13.2,1.2,3.6,0.338,0.8,2.9,0.266,0.5,0.7,0.625,0.444,0.4,0.4,1,0.4,0.8,1.1,1.7,0.6,0.1,0.6,1,3.6,
16,Asa Newell,20,PF,42,1,10.8,2,3.7,0.539,0.7,1.7,0.394,1.3,2,0.663,0.63,0.3,0.6,0.56,0.9,1,2,0.5,0.4,0.3,0.5,1.5,5,
17,Christian Koloko,25,C,13,2,10.4,1.2,2.6,0.471,0.1,0.5,0.167,1.2,2.2,0.536,0.485,0.5,0.5,1,0.7,1.5,2.2,0.5,0.3,0.7,0.5,1.8,3.1,
18,Keaton Wallace,26,PG,51,2,9.7,1.3,3.1,0.42,0.7,1.8,0.398,0.6,1.3,0.453,0.538,0.2,0.3,0.643,0.1,1,1,1.7,0.5,0.1,0.5,0.9,3.5,
19,Buddy Hield,33,SG,6,0,5,0.2,1.5,0.111,0,1,0,0.2,0.5,0.333,0.111,0.5,0.5,1,0.2,0.7,0.8,0.3,0.2,0,0.8,0.2,0.8,
20,Caleb Houstan,23,SF,18,0,4.2,0.8,1.4,0.538,0.6,1.2,0.524,0.2,0.3,0.6,0.75,0.2,0.2,1,0.3,0.3,0.6,0.2,0.1,0.1,0.2,0.6,2.3,
21,RayJ Dennis,24,PG,2,0,4,0,0.5,0,0,0.5,0,0,0,NA,0,0,0,NA,0,0,0,2,0.5,0,0,0.5,0,
22,Tony Bradley,28,C,1,0,4,0,2,0,0,0,NA,0,2,0,0,0,0,NA,1,1,2,0,0,0,1,1,0,
23,N'Faly Dante,24,C,4,0,3.8,0.3,1,0.25,0,0,NA,0.3,1,0.25,0.25,0.3,0.3,1,0.8,1,1.8,0,0.5,0,0.3,0.3,0.8,
24,Jacob Toppin,25,SF,5,0,3.4,0.8,1.2,0.667,0,0,NA,0.8,1.2,0.667,0.667,0,0,NA,0,0.2,0.2,0.2,0,0.2,0,0.2,1.6,
NA,Team Totals,NA,,79,79,240.9,43.5,91.9,0.474,14.6,39.4,0.371,28.9,52.4,0.551,0.554,16.7,21.6,0.776,10.9,32.6,43.5,30.3,9.4,4.7,14.2,19.6,118.4,
1,Brandon Ingram,28,SF,74,74,33.8,7.9,16.8,0.473,1.8,4.6,0.379,6.2,12.1,0.508,0.525,3.7,4.5,0.823,0.8,4.7,5.5,3.6,0.8,0.7,2.5,2,21.3,AS
2,Scottie Barnes,24,PF,77,77,33.6,7.2,14.2,0.504,0.9,2.9,0.299,6.3,11.3,0.556,0.534,3,3.7,0.813,1.9,5.6,7.5,5.9,1.5,1.5,2.7,2.7,18.2,AS
3,Immanuel Quickley,26,PG,68,68,32.2,5.8,13.1,0.444,2.6,6.9,0.375,3.2,6.2,0.521,0.543,2.5,3,0.821,0.5,3.5,4.1,6,1.3,0.1,1.5,2,16.7,
4,RJ Barrett,25,SF,55,55,30.2,7,14.3,0.491,1.7,5,0.341,5.3,9.3,0.571,0.55,3.4,4.7,0.712,1,4.3,5.3,3.3,0.7,0.3,1.8,2.5,19.1,
5,Jakob Poeltl,30,C,43,41,25.4,4.8,6.9,0.695,0,0,NA,4.8,6.9,0.695,0.695,1.3,2.2,0.624,2.6,4.7,7.3,2.1,0.9,0.7,1.2,3.2,11,
6,Jamal Shead,23,PG,79,11,22.6,2.2,6.1,0.365,1,3.2,0.319,1.2,2.9,0.416,0.448,1.2,1.5,0.784,0.3,1.5,1.8,5.5,0.9,0.2,1.4,2,6.7,
7,Collin Murray-Boyles,20,PF,55,22,22,3.5,6.1,0.57,0.3,0.9,0.34,3.2,5.2,0.611,0.596,1.2,1.9,0.641,2.4,2.6,5,1.9,0.9,0.9,1.1,2.5,8.5,
8,Sandro Mamukelashvili,26,C,77,13,21.9,4.1,7.9,0.522,1.4,3.7,0.387,2.7,4.2,0.639,0.612,1.5,2,0.75,1.4,3.6,4.9,1.9,0.8,0.5,0.8,1.9,11.2,
9,Ja'Kobe Walter,21,SG,69,18,20.2,2.5,5.6,0.442,1.5,3.7,0.401,1,1.9,0.519,0.573,1,1.2,0.798,0.8,1.8,2.6,1.2,1,0.2,0.5,2.3,7.4,
10,Ochai Agbaji,25,SG,42,13,15.5,1.7,4,0.424,0.3,1.5,0.185,1.4,2.5,0.571,0.459,0.6,0.7,0.862,0.8,1.5,2.3,0.7,0.4,0.3,0.5,1.8,4.3,
11,Gradey Dick,22,SG,73,1,14.3,2.2,5.2,0.418,0.8,2.5,0.297,1.4,2.6,0.534,0.491,1,1.2,0.874,0.6,1.4,2,0.7,0.6,0.1,0.6,1.3,6.1,
12,A.J. Lawson,25,SG,21,0,9,1.4,3.1,0.446,0.8,1.7,0.444,0.6,1.4,0.448,0.569,0.6,0.7,0.857,0.3,1.4,1.7,0.3,0.5,0.2,0.3,1.2,4.1,
13,Jamison Battle,24,SF,58,2,8.7,1.2,2.4,0.511,0.6,1.4,0.417,0.6,1,0.649,0.635,0.1,0.2,0.667,0.3,1.2,1.5,0.4,0.1,0.1,0.3,0.7,3.2,
14,Markelle Fultz,27,PG,5,0,7.2,0.4,2.2,0.182,0,0,NA,0.4,2.2,0.182,0.182,0,0,NA,0,0.2,0.2,1.6,0.4,0,0.8,0.4,0.8,
15,Chucky Hepburn,22,PG,2,0,6.5,0,3,0,0,2.5,0,0,0.5,0,0,0,0,NA,0,0.5,0.5,1,0.5,0,0.5,1,0,
16,Alijah Martin,24,SG,21,0,6.2,0.7,2.1,0.341,0.2,1,0.2,0.5,1.1,0.458,0.386,0.7,0.9,0.778,0.4,0.6,1,0.5,0.4,0.2,0.2,0.5,2.3,
17,Jonathan Mogbo,24,PF,37,0,6,0.6,1.1,0.561,0,0,0,0.6,1.1,0.575,0.561,0.2,0.3,0.583,0.5,1.2,1.7,0.6,0.3,0.2,0.3,0.6,1.4,
18,Trayce Jackson-Davis,25,C,16,0,5,0.6,1.2,0.474,0,0,NA,0.6,1.2,0.474,0.474,0.6,1.4,0.409,1.1,0.7,1.8,0.4,0.3,0.3,0.3,0.3,1.7,
19,Garrett Temple,39,SG,21,0,3.3,0.1,0.7,0.214,0.1,0.5,0.182,0,0.1,0.333,0.286,0.3,0.4,0.667,0,0.3,0.4,0.4,0.1,0.1,0.3,0.3,0.7,
20,Mo Bamba,27,C,2,0,3,0,1,0,0,0,NA,0,1,0,0,0,0,NA,0.5,0.5,1,0,0,0.5,0,1,0,
NA,Team Totals,NA,,79,79,241.3,42.6,88.7,0.48,11.4,32.3,0.352,31.2,56.5,0.553,0.544,17.9,23.3,0.77,11.1,31.2,42.2,29.5,8.8,4.9,13.8,20.9,114.4,
1,Tyrese Maxey,25,PG,67,67,38.2,9.9,21.5,0.463,3.2,8.6,0.369,6.8,12.9,0.524,0.536,5.4,6,0.891,0.3,3.8,4.1,6.7,1.9,0.8,2.5,2.2,28.4,AS
2,VJ Edgecombe,20,SG,72,72,34.9,6,13.7,0.438,2,5.6,0.357,4,8.1,0.495,0.512,2,2.4,0.827,1.6,3.9,5.6,4,1.4,0.5,1.8,2.9,16,
3,Kelly Oubre Jr.,30,SF,47,38,31.8,5,10.9,0.463,1.8,4.9,0.364,3.3,6,0.543,0.544,2.3,3,0.761,1,4,5,1.6,1.2,0.5,1.4,2.5,14.1,
4,Joel Embiid,31,C,38,38,31.6,9,18.3,0.489,1.4,4.2,0.333,7.6,14.2,0.535,0.527,7.5,8.8,0.854,2,5.7,7.7,3.9,0.6,1.2,2.9,2.2,26.9,
5,Paul George,35,PF,34,34,31.1,6.2,14.1,0.438,2.8,7,0.405,3.4,7.1,0.471,0.539,2.5,3.1,0.827,0.6,4.8,5.4,3.8,1.8,0.5,1.7,2.4,17.7,
6,Quentin Grimes,25,SG,72,19,29.7,4.5,10,0.451,1.7,5.1,0.331,2.8,4.9,0.577,0.535,2.6,3.2,0.837,0.6,3.1,3.7,3.3,0.9,0.4,1.8,2.1,13.4,
7,Dominick Barlow,22,PF,68,59,23.9,3.1,5.7,0.545,0.3,1.2,0.259,2.8,4.5,0.621,0.572,1.3,1.9,0.717,1.9,2.9,4.8,1.3,0.9,0.7,0.8,2.1,7.9,
8,Andre Drummond,32,C,60,25,19.2,2.5,5.3,0.47,0.5,1.4,0.349,2,3.8,0.515,0.517,0.8,1.3,0.641,3.1,5.1,8.2,1.2,0.6,0.8,1,2,6.3,
9,Adem Bona,22,C,68,15,17.4,1.9,3.1,0.601,0,0.1,0.333,1.9,3,0.609,0.606,1.1,1.6,0.706,1.8,2.5,4.4,0.5,0.4,1.2,0.8,2.2,4.9,
10,Cameron Payne,31,PG,22,1,17,2.5,6.8,0.376,1.5,4.4,0.33,1.1,2.4,0.462,0.483,0.9,1,0.864,0.1,1.9,2,2.6,1.1,0.3,0.5,1.4,7.4,
11,Jared McCain,21,SG,37,1,16.8,2.4,6.2,0.385,1.2,3.2,0.378,1.2,3,0.393,0.483,0.6,0.7,0.88,0.2,1.9,2,1.7,0.6,0.1,0.8,1.2,6.6,
12,Trendon Watford,25,PF,52,7,16.5,2.6,5.1,0.513,0.2,1,0.2,2.4,4.2,0.585,0.532,1.2,1.5,0.779,0.7,2.6,3.4,2.5,0.3,0.4,1.2,2,6.6,
13,Justin Edwards,22,SF,61,12,15.2,2.2,4.9,0.45,1,2.8,0.365,1.2,2.1,0.563,0.554,0.5,0.6,0.846,0.4,1.1,1.5,1.3,0.8,0.2,0.6,1.5,6,
14,MarJon Beauchamp,25,SF,13,1,14.9,2.5,5.7,0.432,1.2,3.5,0.348,1.2,2.2,0.571,0.541,0.9,1.3,0.706,0.5,1.9,2.4,1.2,0.7,0.3,1,1,7.1,
15,Dalen Terry,23,SG,13,0,13,1.7,4,0.423,0.4,1.5,0.25,1.3,2.5,0.531,0.471,0.5,0.9,0.583,0.5,1.1,1.5,1.8,0.5,0.3,0.4,1.2,4.3,
16,Eric Gordon,37,SG,6,0,12.3,2,3.5,0.571,1.3,2.3,0.571,0.7,1.2,0.571,0.762,0.2,0.3,0.5,0.2,0.2,0.3,0.5,0.7,0.2,0.5,0.5,5.5,
17,Jabari Walker,23,PF,62,6,12.1,1.5,3.4,0.448,0.5,1.5,0.33,1,1.9,0.543,0.521,0.8,1,0.75,1.1,1.9,3,0.5,0.4,0.2,0.4,1.6,4.3,
18,Tyrese Martin,26,SG,8,0,9.9,1.1,2.8,0.409,0.3,1.6,0.154,0.9,1.1,0.778,0.455,0,0.3,0,0.3,1,1.3,1.1,0.4,0.3,0.9,0.4,2.5,
19,Kyle Lowry,39,PG,13,0,8.7,0.3,1.5,0.2,0.3,1.5,0.2,0,0,NA,0.3,0.4,0.5,0.833,0,0.7,0.7,0.8,0.2,0.2,0.3,0.6,1.3,
20,Johni Broome,23,C,11,0,5,0.4,2.2,0.167,0,0.5,0,0.4,1.7,0.211,0.167,0.2,0.5,0.333,0.6,0.8,1.5,0.4,0.3,0.2,0.3,0.6,0.9,
21,Charles Bassey,25,C,1,0,5,1,1,1,0,0,NA,1,1,1,1,0,0,NA,0,0,0,0,0,1,0,0,2,
22,Hunter Sallis,22,SG,7,0,3.7,0.4,0.7,0.6,0,0,NA,0.4,0.7,0.6,0.6,0.1,0.3,0.5,0,0.1,0.1,0.6,0,0.1,0.7,0.3,1,
23,Patrick Baldwin Jr.,23,SF,1,0,2,0,0,NA,0,0,NA,0,0,NA,NA,0,0,NA,0,1,1,0,0,0,0,0,0,
NA,Team Totals,NA,,79,79,242.5,41.7,90.2,0.463,12.4,35.4,0.35,29.3,54.8,0.535,0.531,20.3,25,0.811,11.8,31.6,43.4,24.7,9,5.7,13.7,20.4,116.1,
1,Paolo Banchero,23,PF,69,69,34.9,7.4,16.1,0.459,1.2,3.8,0.309,6.2,12.2,0.506,0.496,6.4,8.2,0.778,1.2,7.2,8.4,5.1,0.7,0.6,3,2,22.3,NA
2,Desmond Bane,27,SG,79,79,34.1,7.2,14.9,0.485,2.1,5.3,0.394,5.2,9.6,0.535,0.555,3.9,4.3,0.909,1.2,3,4.2,4.1,1,0.5,2,3.1,20.5,NA
3,Franz Wagner,24,SF,31,29,30.6,7.2,14.9,0.479,1.4,4,0.336,5.8,10.9,0.533,0.525,4.9,5.9,0.825,1.3,4.2,5.5,3.4,1,0.3,1.7,2.2,20.5,NA
4,Anthony Black,22,PG,61,40,30.4,5.5,12.2,0.45,1.6,4.7,0.338,3.9,7.5,0.52,0.515,2.7,3.6,0.73,0.7,3.1,3.8,3.8,1.4,0.7,2.1,2.6,15.3,NA
5,Wendell Carter Jr.,26,C,75,75,29.5,4.3,8.3,0.516,1,3,0.324,3.3,5.3,0.623,0.574,2.6,3.2,0.8,2.1,5.3,7.4,2,0.8,0.6,1.3,3.5,12.1,NA
6,Jalen Suggs,24,PG,54,53,27.6,4.9,11.4,0.433,2,6.1,0.326,2.9,5.3,0.556,0.52,1.9,2.2,0.855,0.7,3.3,3.9,5.6,1.9,0.7,2.7,2.6,13.7,NA
7,Tristan Da Silva,24,SF,74,34,24.8,3.6,8.1,0.449,1.6,4.2,0.379,2.1,3.9,0.524,0.547,1.1,1.3,0.882,0.8,2.9,3.7,1.5,0.9,0.3,0.9,1.6,10,NA
8,Jevon Carter,30,PG,27,1,20.8,2.7,7.1,0.385,1.5,4.8,0.315,1.2,2.3,0.532,0.492,0.2,0.3,0.556,0.3,1.9,2.2,2.4,0.9,0.3,0.9,1.4,7.2,NA
9,Tyus Jones,29,PG,48,8,15.7,1.1,3.3,0.342,0.6,2.1,0.294,0.5,1.2,0.429,0.437,0.1,0.1,1,0.2,0.9,1.1,2.4,0.7,0.1,0.3,0.5,3,NA
10,Goga Bitadze,26,C,61,3,15,2.3,3.4,0.673,0,0.2,0.182,2.2,3.2,0.701,0.678,1,1.5,0.7,2,2.7,4.7,1.3,0.6,1,0.7,2.1,5.6,NA
11,Noah Penda,21,SF,57,2,13,1.4,3.5,0.41,0.5,1.6,0.33,0.9,1.9,0.477,0.485,0.6,0.8,0.688,1.2,2.1,3.3,1.2,0.5,0.3,0.7,1.2,4,NA
12,Jett Howard,22,SF,55,0,12.6,1.9,4.6,0.418,1,2.6,0.372,0.9,1.9,0.481,0.526,0.7,0.7,0.949,0.4,1.2,1.6,0.8,0.2,0.2,0.3,1.2,5.5,NA
13,Moritz Wagner,28,C,35,0,12,2.3,5.4,0.429,0.6,1.9,0.324,1.7,3.5,0.488,0.487,1.7,2.1,0.819,0.7,2.5,3.2,0.7,0.4,0.1,0.5,1.6,6.9,NA
14,Jamal Cain,26,SF,37,1,11.6,1.7,3.6,0.47,0.7,1.8,0.385,1,1.8,0.552,0.564,1,1.1,0.857,0.6,1.2,1.8,0.7,0.3,0.1,0.5,1.3,5,NA
15,Jase Richardson,20,SG,52,0,11.1,1.6,3.5,0.467,0.5,1.5,0.359,1.1,2,0.548,0.544,0.6,0.9,0.717,0.4,0.8,1.2,1.1,0.3,0,0.5,1,4.4,NA
16,Jonathan Isaac,28,PF,52,0,10,0.9,2.1,0.422,0.1,0.7,0.184,0.8,1.4,0.549,0.454,0.7,1.1,0.603,0.8,1.7,2.5,0.4,0.4,0.6,0.3,0.8,2.6,NA
17,Alex Morales,28,PG,2,0,7,0.5,1.5,0.333,0,0,NA,0.5,1.5,0.333,0.333,0,0,NA,0.5,1,1.5,2,0,0,1,2,1,NA
18,Orlando Robinson,25,C,4,1,6.3,0.8,1.3,0.6,0.3,0.5,0.5,0.5,0.8,0.667,0.7,0,0,NA,0.5,0.5,1,0.8,0.3,0,0,0.8,1.8,NA
19,Colin Castleton,25,C,2,0,6,0.5,1.5,0.333,0,0,NA,0.5,1.5,0.333,0.333,0,0,NA,0,2.5,2.5,0.5,0,0,1,0.5,1,NA
NA,Team Totals,NA,,79,79,241.9,40.8,88.2,0.463,11.7,34.1,0.343,29.2,54.1,0.539,0.53,22.1,27.5,0.803,10.8,32.4,43.2,26.4,8.5,4.7,14.1,21,115.5,NA
1,Kon Knueppel,20,SF,79,78,31.5,6.4,13.4,0.478,3.4,7.9,0.429,3,5.5,0.548,0.605,2.5,2.8,0.862,1.2,4.1,5.3,3.4,0.7,0.2,2,2.1,18.7,NA
2,Miles Bridges,27,PF,75,75,31.2,6.3,13.7,0.461,2,5.9,0.335,4.3,7.8,0.554,0.532,2.7,3.3,0.826,1,4.9,5.9,3.2,0.6,0.4,1.4,1.7,17.3,NA
3,Brandon Miller,23,SF,63,63,30.3,7,16.1,0.435,3.2,8.2,0.385,3.8,7.9,0.487,0.533,3,3.4,0.893,1.1,3.9,5,3.4,1,0.7,2.5,2.7,20.2,NA
4,LaMelo Ball,24,PG,70,67,27.9,7,17.2,0.408,3.7,10.1,0.369,3.3,7.1,0.465,0.517,2.2,2.5,0.895,0.9,3.9,4.8,7.1,1.2,0.2,2.8,2.7,20,NA
5,Moussa Diabaté,24,C,71,45,26,3.2,5,0.629,0,0,0.5,3.1,5,0.63,0.631,1.6,2.4,0.663,3.8,5,8.7,1.9,0.8,1,1,2.4,7.9,NA
6,Sion James,23,SG,80,19,22.6,1.7,4.5,0.372,1,2.9,0.355,0.7,1.7,0.402,0.485,1,1.2,0.837,0.6,2.9,3.5,2,0.6,0.3,0.8,1.8,5.4,NA
7,Collin Sexton,27,SG,42,12,22.3,4.8,9.9,0.488,1.4,3.5,0.393,3.5,6.4,0.539,0.557,3.2,3.7,0.877,0.4,1.5,1.9,3.7,0.9,0.2,2.1,1.8,14.2,NA
8,Ryan Kalkbrenner,24,C,67,31,21.4,3.2,4.3,0.748,0,0.1,0,3.2,4.2,0.762,0.748,1.2,1.7,0.708,2.4,3.1,5.5,0.8,0.5,1.5,0.9,1.6,7.6,NA
9,Coby White,25,SG,19,0,19.7,5.1,11.2,0.455,2,5.3,0.376,3.1,5.9,0.527,0.545,3.5,4.1,0.857,0.5,2.6,3.1,3.2,0.3,0.2,1.9,1.9,15.7,NA
10,Grant Williams,27,PF,34,3,19.6,2.2,5.1,0.425,1.5,3.8,0.391,0.7,1.4,0.522,0.569,1.3,1.6,0.815,1.2,2.7,3.9,1.6,0.4,0.5,0.9,1.6,7.1,NA
11,Tidjane Salaün,20,PF,36,0,15.9,2.2,4.4,0.506,1,2.3,0.434,1.2,2.1,0.587,0.62,0.7,1.1,0.65,0.7,3.4,4.1,0.8,0.4,0.2,0.7,1.5,6.2,NA
12,KJ Simpson,23,PG,14,2,15.9,2.2,6.4,0.348,0.9,2.8,0.308,1.4,3.6,0.38,0.416,0.7,1.1,0.625,0.4,1.7,2.1,2.5,1.1,0,1.7,1,6,NA
13,Josh Green,25,SG,56,0,15.8,1.5,3.2,0.458,1,2.4,0.419,0.4,0.8,0.581,0.617,0.4,0.5,0.893,0.8,1,1.8,0.8,0.6,0.1,0.6,1.1,4.4,NA
14,PJ Hall,23,C,12,2,15.6,2.1,4.2,0.5,0.2,0.2,1,1.9,4,0.479,0.52,1.8,2.2,0.808,2.5,3,5.5,0.7,0.3,0.7,1.3,1.6,6.1,NA
15,Tre Mann,24,PG,51,1,13,2.1,5.8,0.362,1,3,0.327,1.1,2.8,0.4,0.446,0.5,0.5,0.852,0.4,1.4,1.8,1.7,0.5,0.1,1,1.4,5.7,NA
16,Liam McNeeley,20,SF,30,0,12.1,1.3,3.1,0.404,0.8,2,0.4,0.5,1.1,0.412,0.532,1.1,1.3,0.821,0.4,2,2.4,0.8,0.2,0.1,0.4,1.2,4.4,NA
17,Drew Peterson,26,PF,6,0,10.7,0.3,2.7,0.125,0,2,0,0.3,0.7,0.5,0.125,0.2,0.3,0.5,0.5,1,1.5,0.3,0.5,0.2,0,0.5,0.8,NA
18,Mason Plumlee,35,C,14,2,8.9,0.6,0.9,0.75,0,0,NA,0.6,0.9,0.75,0.75,0.6,0.9,0.667,0.7,2.1,2.9,1.1,0.4,0,0.6,0.7,1.9,NA
19,Pat Connaughton,33,SG,41,0,7.1,0.9,2,0.452,0.5,1.3,0.404,0.4,0.8,0.531,0.577,0.3,0.5,0.65,0.4,1.1,1.5,0.4,0.3,0,0.2,0.2,2.7,NA
20,Antonio Reeves,25,SG,10,0,6.8,1,2,0.5,0.7,1.3,0.538,0.3,0.7,0.429,0.675,0,0,NA,0.2,0.6,0.8,0.3,0.1,0,0.1,0.3,2.7,NA
21,Xavier Tillman Sr.,27,C,15,0,4.6,0.3,0.9,0.357,0,0.2,0,0.3,0.7,0.455,0.357,0.1,0.3,0.25,0.6,0.5,1.1,0.5,0.2,0.2,0.2,0.4,0.7,NA
NA,Team Totals,NA,,80,80,240.9,41.1,89,0.461,16.4,43.1,0.38,24.7,45.9,0.538,0.553,17.8,21.8,0.818,12.8,33.4,46.1,26.5,7,4.4,15.4,19.2,116.3,NA
1,Bam Adebayo,28,C,70,70,32.3,6.8,15.7,0.436,1.7,5.5,0.313,5.1,10.2,0.502,0.491,4.6,5.9,0.779,2,8,10,3,1.2,0.6,1.7,1.7,20,
2,Tyler Herro,26,SG,31,26,31.7,7.7,15.9,0.484,2.6,6.8,0.379,5.1,9.1,0.562,0.565,3.2,3.5,0.917,0.5,4.2,4.6,4,0.7,0.4,1.9,1.8,21.2,
3,Andrew Wiggins,30,SF,65,65,30.6,5.9,12.3,0.48,2.1,4.9,0.421,3.8,7.4,0.52,0.564,1.9,2.4,0.787,1.7,3.2,5,2.7,1.1,1,1.5,2.3,15.8,
4,Norman Powell,32,SG,56,52,29.9,7.3,15.6,0.471,2.7,7.1,0.383,4.6,8.4,0.545,0.558,4.5,5.5,0.827,0.4,3.2,3.6,2.5,1.1,0.3,1.9,2.2,21.9,AS
5,Davion Mitchell,27,PG,68,68,28.5,3.7,7.6,0.481,1.3,3.3,0.391,2.4,4.3,0.549,0.566,0.6,0.9,0.672,0.5,2.2,2.7,6.5,1,0.2,1.5,2.6,9.2,
6,Jaime Jaquez Jr.,24,SF,72,1,28.3,6.1,12.2,0.498,0.7,2.4,0.298,5.3,9.8,0.547,0.527,2.3,3,0.771,1.3,3.8,5.1,4.7,0.7,0.3,2,1.8,15.1,
7,Pelle Larsson,24,SG,68,53,26.3,3.9,7.9,0.495,0.9,2.7,0.321,3,5.2,0.587,0.55,2.6,3.3,0.794,1,2.5,3.5,3.4,0.7,0.2,1.4,2.1,11.3,
8,Kel'el Ware,21,C,74,32,22.2,4.5,8.5,0.527,1.1,3,0.385,3.3,5.5,0.605,0.595,1,1.3,0.755,2.9,6.2,9.1,0.7,0.8,1.1,0.8,1.6,11,
9,Kasparas Jakučionis,19,PG,50,11,17.7,1.9,4.5,0.419,1.2,3,0.412,0.7,1.6,0.43,0.553,1.1,1.2,0.883,0.8,1.8,2.6,2.6,0.6,0.1,0.9,1.9,6.1,
10,Nikola Jović,22,PF,47,1,17.2,2.4,6.7,0.366,1,3.6,0.269,1.5,3.1,0.476,0.438,1.5,2.1,0.683,0.5,2.7,3.3,2.2,0.6,0.4,1.4,1.4,7.3,
11,Simone Fontecchio,30,SF,69,8,16.6,2.7,6.7,0.403,1.7,4.6,0.366,1,2,0.489,0.53,1.2,1.4,0.84,0.8,2.2,3,1.4,0.5,0.1,0.7,1.5,8.3,
12,Dru Smith,28,SG,70,1,16.3,1.9,4.6,0.415,0.5,1.8,0.295,1.4,2.8,0.495,0.474,1.2,1.5,0.829,0.9,1.6,2.5,2.6,1.4,0.3,0.8,1.6,5.6,
13,Myron Gardner,24,SF,42,7,9.5,1.4,2.9,0.475,0.6,1.5,0.406,0.7,1.3,0.554,0.583,0.5,0.6,0.731,0.9,1.9,2.8,1,0.5,0.2,0.4,1.8,3.8,
14,Keshad Johnson,24,SF,29,0,7.4,1.3,2.9,0.452,0.4,1.3,0.333,0.9,1.6,0.556,0.53,0.7,0.9,0.704,0.7,1.1,1.8,0.1,0.4,0.3,0.4,0.7,3.7,
15,Jahmir Young,25,PG,11,0,4.6,0.7,2,0.364,0.2,0.7,0.25,0.5,1.3,0.429,0.409,0.2,0.2,1,0.2,0.2,0.4,0.5,0.1,0,0.3,0.5,1.8,
16,Vladislav Goldin,24,C,6,0,2.8,0.3,0.5,0.667,0,0,NA,0.3,0.5,0.667,0.667,0,0,NA,0.3,0.5,0.8,0.3,0,0.3,0.3,0.5,0.7,
17,Trevor Keels,22,SG,5,0,1.6,0,1,0,0,0.8,0,0,0.2,0,0,0,0,NA,0,0.4,0.4,0,0,0,0,0,0,
NA,Team Totals,NA,,79,79,240.3,43.4,93.4,0.465,13.6,37.9,0.358,29.8,55.5,0.537,0.537,20,25.2,0.793,11.9,34.6,46.5,28.7,8.7,4.3,13.7,18.8,120.4,
1,Kevin Porter Jr.,25,PG,38,36,33.2,6.3,13.5,0.465,1.2,3.8,0.322,5.1,9.8,0.52,0.51,3.6,4.1,0.878,0.9,4.3,5.2,7.4,2.2,0.5,2.9,2.3,17.4,
2,Ryan Rollins,23,PG,73,66,32.1,6.5,13.8,0.473,2.5,6.1,0.409,4,7.7,0.523,0.563,1.6,2.1,0.788,0.7,3.9,4.6,5.6,1.5,0.4,2.7,2.6,17.2,
3,Giannis Antetokounmpo,31,PF,36,36,28.9,10.4,16.6,0.624,0.4,1.3,0.333,9.9,15.4,0.647,0.636,6.4,9.9,0.65,2.7,7.1,9.8,5.4,0.9,0.7,3.2,2.4,27.6,AS
4,A.J. Green,26,SG,75,65,28.8,3.2,7.7,0.417,2.8,6.9,0.411,0.4,0.8,0.475,0.602,0.7,0.8,0.847,0.3,2.3,2.7,1.9,0.5,0.1,1,2.3,9.9,
5,Myles Turner,29,C,70,70,26.9,4,9.1,0.438,2.1,5.4,0.385,1.9,3.7,0.516,0.553,1.9,2.5,0.744,1.1,4.3,5.3,1.4,0.7,1.6,1.2,2.6,11.9,
6,Kyle Kuzma,30,PF,68,43,26.3,4.9,10.1,0.491,1.2,3.5,0.345,3.7,6.6,0.568,0.55,2,2.7,0.724,0.8,3.8,4.6,2.6,0.7,0.4,1.7,2,13.1,
7,Ousmane Dieng,22,C,27,17,25.9,4.3,10,0.426,1.5,4.4,0.347,2.7,5.6,0.487,0.502,0.7,1.1,0.667,0.7,3.7,4.4,3.1,0.8,0.4,2,1.9,10.8,
8,Bobby Portis,30,PF,67,9,24.2,5.5,11.2,0.488,2,4.4,0.456,3.4,6.8,0.509,0.578,0.7,1,0.706,1.3,5.1,6.4,1.6,0.6,0.2,1,1.6,13.7,
9,Taurean Prince,31,SF,23,4,22.5,3,6.7,0.455,2,4.8,0.423,1,1.9,0.535,0.607,0.2,0.2,1,0.2,2.6,2.8,1.6,0.6,0.2,1.1,2,8.3,
10,Cormac Ryan,27,SG,8,0,21.8,3.6,7,0.518,2,4,0.5,1.6,3,0.542,0.661,2.1,2.4,0.895,0.5,1.1,1.6,1.5,1.1,0.3,1.3,2.5,11.4,
11,Gary Trent Jr.,27,SG,64,21,21.2,2.8,7.2,0.39,1.9,5.2,0.368,0.9,2,0.449,0.524,0.6,0.8,0.765,0.1,0.9,1,1.2,0.5,0,0.6,1.3,8.2,
12,Jericho Sims,27,C,64,17,19,2,2.6,0.789,0,0,NA,2,2.6,0.789,0.789,0.5,0.9,0.614,2,3.3,5.3,1.4,0.2,0.2,1.1,2.1,4.6,
13,Cam Thomas,24,SG,18,0,16.6,3.7,8.5,0.431,0.8,2.8,0.275,2.9,5.7,0.51,0.477,2.6,3.4,0.754,0.1,1.4,1.6,1.9,0.3,0.1,1.4,0.7,10.7,
14,Pete Nance,25,PF,46,6,15.6,2.2,4.1,0.526,1.1,2.5,0.431,1.1,1.6,0.676,0.658,0.1,0.2,0.364,0.6,2.1,2.7,1,0.3,0.3,0.6,1.3,5.5,
15,Cole Anthony,25,PG,35,0,15.1,2.8,6.6,0.424,0.6,2.1,0.306,2.2,4.5,0.478,0.472,0.5,0.7,0.615,0.5,2,2.5,3.5,0.6,0.3,1.9,2.1,6.7,
16,Gary Harris,31,SG,47,2,13.9,1,2.2,0.442,0.6,1.4,0.412,0.4,0.8,0.5,0.577,0.2,0.2,0.889,0.3,1,1.3,1.1,0.6,0.2,0.4,1.1,2.7,
17,Amir Coffey,28,SG,30,2,8.8,0.9,1.8,0.473,0.2,0.8,0.28,0.6,1,0.633,0.536,0.4,0.5,0.867,0.2,0.7,0.9,0.4,0.1,0.1,0.1,0.5,2.4,
18,Andre Jackson Jr.,24,SG,45,1,7.9,0.8,2.3,0.333,0.3,1.2,0.273,0.4,1.1,0.4,0.405,0.3,0.5,0.682,0.5,0.8,1.4,0.9,0.4,0.1,0.6,0.9,2.2,
19,Thanasis Antetokounmpo,33,SF,32,0,3.7,0.4,0.8,0.48,0,0.1,0,0.4,0.7,0.545,0.48,0.5,0.8,0.577,0.3,0.6,0.9,0.3,0.4,0.2,0.3,0.4,1.2,
20,Mark Sears,23,PG,7,0,3.7,0.9,1.9,0.462,0.6,1.1,0.5,0.3,0.7,0.4,0.615,0.9,1.1,0.75,0.1,0.1,0.3,0.3,0,0,0.6,0.6,3.1,
21,Alex Antetokounmpo,24,SF,4,0,3,0.3,1,0.25,0,0.8,0,0.3,0.3,1,0.25,1,1.5,0.667,0.3,0,0.3,0.3,0,0,0,0,1.5,
NA,Team Totals,NA,,79,79,240.9,40.8,85.5,0.477,15,38.7,0.388,25.8,46.8,0.552,0.565,13.8,19,0.73,8.8,31.9,40.8,25.7,7.5,4,15.1,19.8,110.5,
1,Josh Giddey,23,PG,54,51,32.1,5.9,13.3,0.448,1.9,5.2,0.364,4,8,0.502,0.52,3.2,4.2,0.763,1.2,7.1,8.3,9.1,1,0.5,3.6,1.7,17,NA
2,Nikola Vučević,35,C,48,48,30.8,6.9,13.8,0.505,1.7,4.5,0.376,5.2,9.2,0.568,0.567,1.3,1.5,0.838,2.1,6.9,9,3.8,0.7,0.6,1.4,2,16.9,NA
3,Matas Buzelis,21,PF,76,76,29.2,5.8,12.4,0.465,2.3,6.4,0.356,3.5,6.1,0.58,0.557,2.4,3.1,0.787,1,4.8,5.8,2,0.7,1.5,2.1,2.3,16.3,NA
4,Coby White,25,SG,29,26,29.1,5.9,13.6,0.438,2.5,7.2,0.346,3.4,6.4,0.541,0.529,4.3,5.3,0.805,0.2,3.5,3.7,4.7,0.7,0.1,3,2.4,18.6,NA
5,Jaden Ivey,23,SG,4,3,28.8,3.8,9,0.417,2,5.3,0.381,1.8,3.8,0.467,0.528,2,2.3,0.889,1.3,3.5,4.8,4,2,0.5,1.5,2.3,11.5,NA
6,Anfernee Simons,26,SG,6,5,28.3,5.8,13.3,0.438,2.7,8.3,0.32,3.2,5,0.633,0.538,0.8,0.8,1,0.8,2,2.8,3,0,0.3,2.2,2,15.2,NA
7,Tre Jones,26,PG,62,38,27,5.2,9.4,0.553,0.6,2,0.311,4.6,7.4,0.618,0.586,2.8,3.4,0.829,0.6,2.5,3.1,5.5,1.2,0.2,1.5,1.4,13.8,NA
8,Isaac Okoro,25,SG,63,62,26.9,3.3,7.3,0.46,1.2,3.5,0.33,2.2,3.8,0.58,0.539,1.4,1.8,0.795,1.1,1.7,2.7,1.6,0.7,0.5,0.7,2.6,9.3,NA
9,Ayo Dosunmu,26,SG,45,10,26.4,5.6,10.8,0.514,1.9,4.3,0.451,3.6,6.5,0.556,0.604,2,2.3,0.857,0.7,2.3,3,3.6,0.8,0.3,1.4,1.7,15,NA
10,Collin Sexton,27,SG,23,7,25.5,5.8,12.2,0.475,2.3,5.6,0.411,3.5,6.6,0.53,0.57,3.3,4,0.837,0.8,2.1,2.9,2.6,1.4,0.1,2,2.6,17.2,NA
11,Guerschon Yabusele,30,C,25,18,25,3.2,8,0.403,1.9,5,0.384,1.3,3,0.434,0.522,1.8,2.4,0.767,1.3,4.4,5.7,1.7,0.8,0.4,1,1.8,10.2,NA
12,Kevin Huerter,27,SF,44,11,23.6,4.2,9.2,0.455,1.6,5.1,0.314,2.6,4.1,0.63,0.542,0.9,1.3,0.732,0.5,3.3,3.8,2.6,0.8,0.6,1.1,1.9,10.9,NA
13,Nick Richards,28,C,20,4,22.4,3.4,6.5,0.523,0.3,0.9,0.278,3.2,5.6,0.563,0.542,2.3,3.7,0.63,2.1,5.5,7.6,0.4,0.3,0.9,1.7,2.5,9.4,NA
14,Leonard Miller,22,SF,24,9,21.3,4.3,8,0.534,1.1,3.2,0.338,3.2,4.8,0.664,0.601,1.1,1.5,0.771,1.6,3.9,5.5,1.1,0.4,0.5,0.8,1.8,10.8,NA
15,Rob Dillingham,21,PG,27,0,20.7,3.7,8.6,0.427,1,3.2,0.314,2.7,5.4,0.493,0.485,0.7,1,0.741,0.4,2.4,2.8,2.8,0.9,0.1,1.9,2.6,9.1,NA
16,Jalen Smith,25,C,53,21,20.7,3.7,7.6,0.483,1.5,4.2,0.373,2.1,3.5,0.614,0.584,1.3,1.8,0.742,1.8,4.8,6.7,1.2,0.5,0.8,1,2.1,10.2,NA
17,Patrick Williams,24,PF,69,4,19.9,2.4,6.4,0.376,1.3,3.7,0.348,1.1,2.7,0.413,0.475,0.7,1,0.7,0.7,2.2,2.9,1.4,0.6,0.3,1,1.3,6.8,NA
18,Zach Collins,28,C,10,0,18.4,3.7,6.4,0.578,0.9,2.1,0.429,2.8,4.3,0.651,0.648,1.4,2,0.7,1.6,4,5.6,1.5,0.2,0.4,1,1.8,9.7,NA
19,Mac McClung,27,SG,5,0,11.6,1.8,4.6,0.391,0.2,1.8,0.111,1.6,2.8,0.571,0.413,1.4,1.8,0.778,0.4,0.2,0.6,1.2,0.4,0.4,0.4,1.4,5.2,NA
20,Dalen Terry,23,SG,34,0,11.1,1.3,3,0.441,0.6,1.4,0.413,0.8,1.6,0.464,0.534,0.3,0.5,0.529,0.6,1.3,1.9,1.3,0.6,0.3,0.6,1,3.5,NA
21,Jevon Carter,30,PG,23,0,11,1.8,4.5,0.398,1.4,3.4,0.41,0.4,1.1,0.36,0.553,0.4,0.4,1,0.2,0.9,1.1,0.8,0.6,0.1,0.5,0.8,5.4,NA
22,Yuki Kawamura,24,PG,15,0,10.9,0.7,2.1,0.344,0.5,1.5,0.364,0.2,0.7,0.3,0.469,0.8,0.9,0.923,0.5,1.3,1.8,2.7,0.6,0,0.8,0.7,2.8,NA
23,Julian Phillips,22,SF,35,2,9.5,1.1,2.5,0.42,0.5,1.4,0.327,0.6,1.1,0.538,0.511,0.3,0.3,0.818,0.6,0.6,1.3,0.2,0.5,0.2,0.2,0.9,2.8,NA
24,Lachlan Olbrich,22,C,34,0,7.8,0.8,1.7,0.491,0.1,0.4,0.154,0.8,1.3,0.591,0.509,0.4,1,0.382,0.9,1.5,2.4,0.8,0.2,0.2,0.4,1.2,2.1,NA
25,Emanuel Miller,25,PF,5,0,6.6,1.2,2.6,0.462,0.4,1.2,0.333,0.8,1.4,0.571,0.538,0.2,0.4,0.5,0.2,0.4,0.6,0.8,0.4,0,0,0.4,3,NA
26,Trentyn Flowers,20,SF,2,0,3,1,1.5,0.667,0,0.5,0,1,1,1,0.667,0,0,NA,0.5,0,0.5,0.5,0,0,0.5,0.5,2,NA
27,Noa Essengue,19,PF,2,0,3,0,1.5,0,0,1,0,0,0.5,0,0,0,0,NA,0,0,0,0,0.5,0,0,0.5,0,NA
NA,Team Totals,NA,,79,79,240.9,42.3,90.3,0.469,14.4,40.3,0.358,27.9,50,0.558,0.549,17.2,22.2,0.776,10.3,34.8,45.1,28.5,7.5,5,15.3,19,116.3,NA
1,Michael Porter Jr.,27,SF,52,52,32.5,8.5,18.4,0.463,3.4,9.3,0.363,5.2,9.1,0.567,0.555,3.8,4.4,0.859,1.3,5.7,7.1,3,1.1,0.3,2.3,2.2,24.2,NA
2,Nic Claxton,26,C,69,68,27.8,4.8,8.4,0.571,0,0.3,0.158,4.8,8.2,0.585,0.574,2,3.3,0.616,2.4,4.5,6.9,3.7,0.7,1.1,1.4,2.3,11.7,NA
3,Noah Clowney,21,PF,66,60,27,3.8,9.6,0.396,2,5.9,0.329,1.8,3.6,0.506,0.498,2.7,3.4,0.804,0.8,3.3,4.1,1.6,0.8,0.7,1.5,2.5,12.3,NA
4,Tre Scott,29,PF,3,1,25.3,2.3,5,0.467,1,2,0.5,1.3,3,0.444,0.567,0.3,0.3,1,1.3,3.7,5,2,1.7,1,0.7,2,6,NA
5,Egor Dёmin,19,PG,52,45,25.2,3.4,8.6,0.399,2.4,6.2,0.385,1.1,2.4,0.433,0.537,1,1.3,0.831,0.4,2.8,3.2,3.3,0.8,0.3,1.7,1.8,10.3,NA
6,Cam Thomas,24,SG,24,8,24.3,5.1,12.8,0.399,1.6,4.9,0.325,3.5,8,0.445,0.461,3.8,4.5,0.843,0.4,1.4,1.8,3.1,0.2,0.1,2,1.3,15.6,NA
7,Terance Mann,29,SG,63,51,24.3,2.7,5.8,0.457,0.9,2.4,0.364,1.8,3.4,0.523,0.533,1,1.3,0.788,1.1,2.1,3.2,3,0.7,0.2,1.1,2.5,7.2,NA
8,Ziaire Williams,24,SF,56,13,22.9,3.3,7.7,0.425,1.5,4.5,0.343,1.8,3.3,0.538,0.524,2.1,2.5,0.85,0.5,1.9,2.4,1.1,1.4,0.4,1.1,2.1,10.2,NA
9,Nolan Traoré,19,PG,55,31,22.3,3.2,8.5,0.381,1.1,3.3,0.328,2.1,5.1,0.415,0.445,1.3,1.7,0.78,0.2,1.5,1.7,3.9,0.8,0.4,2.3,2.2,8.8,NA
10,Drake Powell,20,SG,61,23,20.9,2.3,5.6,0.411,0.8,2.9,0.293,1.5,2.7,0.533,0.485,1.1,1.2,0.918,0.3,1.4,1.8,1.5,0.6,0.2,0.9,1.4,6.5,NA
11,Danny Wolf,21,PF,57,15,20.8,3.1,7.7,0.405,1.2,3.7,0.322,1.9,4,0.48,0.482,1.5,1.9,0.771,1,3.9,4.9,2.2,0.5,0.6,1.3,2.2,8.9,NA
12,Ben Saraf,19,SG,41,8,20,2.4,6.4,0.382,0.4,1.9,0.211,2,4.5,0.452,0.412,1.6,2,0.827,0.4,1.6,2,3.2,0.9,0.1,2.2,1.8,6.9,NA
13,Malachi Smith,26,SG,12,1,20,2.8,5.5,0.515,1.1,2.3,0.481,1.8,3.3,0.538,0.614,0.4,0.4,1,0.7,1.8,2.5,2.3,1,0.3,1,0.6,7.2,NA
14,Chaney Johnson,23,SF,16,1,19.4,2.8,5,0.563,0.6,1.7,0.333,2.3,3.3,0.679,0.619,1.5,1.9,0.8,1.8,2.4,4.1,2.1,0.9,0.6,1.2,3,7.7,NA
15,Josh Minott,23,SF,16,1,19.3,3.6,7.3,0.491,1.9,4.8,0.395,1.7,2.5,0.675,0.621,1.8,2.2,0.8,0.5,2,2.5,0.8,1.3,0.8,1.4,1.4,10.8,NA
16,Tyrese Martin,26,SG,37,6,18.8,2.7,6.9,0.392,1.4,4.1,0.336,1.3,2.8,0.476,0.492,0.5,0.7,0.731,0.9,2,2.9,1.9,0.6,0.1,0.9,0.8,7.3,NA
17,Day'Ron Sharpe,24,C,62,7,18.7,3.5,5.7,0.601,0.1,0.6,0.231,3.3,5.1,0.647,0.614,1.7,2.5,0.678,2.8,3.9,6.7,2.3,1.1,0.4,1.7,2.4,8.7,NA
18,Ochai Agbaji,25,SG,20,0,16.2,2.5,5.5,0.455,1.1,3.2,0.349,1.4,2.4,0.596,0.555,0.6,0.7,0.786,0.7,1.7,2.3,0.9,0.4,0.3,0.6,0.9,6.7,NA
19,Jalen Wilson,25,PF,51,2,14.9,1.9,4.9,0.394,1,2.8,0.354,0.9,2.1,0.448,0.496,1.2,1.7,0.741,0.3,1.6,1.8,0.7,0.4,0,0.6,1.5,6.1,NA
20,Tyson Etienne,26,PG,21,0,13,2,4.8,0.41,1.5,3.8,0.405,0.4,1,0.429,0.57,0.9,1,0.9,0.1,0.7,0.8,1.4,0.4,0,0.5,1.7,6.3,NA
21,E.J. Liddell,25,PF,23,2,11,1.5,3.2,0.466,0.5,1.7,0.289,1,1.5,0.657,0.541,0.5,0.7,0.75,0.5,1.7,2.1,0.8,0.2,0.4,0.5,1.4,4,NA
22,Grant Nelson,23,PF,4,0,8.8,1.3,2.3,0.556,0,0,NA,1.3,2.3,0.556,0.556,1.8,2.5,0.7,0.3,1.3,1.5,1.3,0.3,1.3,1,1.5,4.3,NA
NA,Team Totals,NA,,79,79,240.9,37.5,84.4,0.444,13.1,38.4,0.342,24.3,46,0.529,0.522,18,23.1,0.781,10.4,29,39.3,25.1,8,4.3,15.9,21.1,106.1,NA
1,Pascal Siakam,31,PF,62,62,33.2,9,18.6,0.484,1.7,4.7,0.358,7.3,13.9,0.527,0.529,4.2,6.1,0.693,1.4,5.2,6.6,3.8,1.1,0.4,2.2,2.4,24,AS
2,Bennedict Mathurin,23,SF,28,24,31.8,5.5,12.8,0.433,2.1,5.6,0.372,3.5,7.2,0.48,0.514,4.6,5.2,0.884,0.8,4.6,5.4,2.3,0.6,0.1,2.3,2.7,17.8,
3,Andrew Nembhard,26,PG,57,57,31.3,5.8,13.2,0.442,1.9,5.2,0.361,4,8,0.495,0.513,3.4,4.1,0.825,0.4,2.4,2.8,7.7,0.9,0.1,2.4,2.2,16.9,
4,Aaron Nesmith,26,SF,45,42,29.7,4.7,11.4,0.414,2.3,6.2,0.379,2.4,5.2,0.455,0.517,2,2.5,0.829,1.1,3.1,4.2,1.9,0.6,0.5,1.4,2.8,13.8,
5,Jarace Walker,22,PF,74,39,25.6,4,9.5,0.42,1.7,4.6,0.372,2.3,4.9,0.465,0.511,1.8,2.4,0.756,0.6,4.5,5.1,2.5,0.8,0.3,1.8,1.6,11.5,
6,Kobe Brown,26,PF,25,8,24.2,3.4,6.7,0.503,1.4,3.2,0.43,2,3.5,0.568,0.605,1,1.2,0.8,1.9,3,4.9,1.9,0.4,0.4,1.4,2,9,
7,Jalen Slawson,26,SF,10,4,24,2.8,6.1,0.459,1.4,3.3,0.424,1.4,2.8,0.5,0.574,0.9,1.1,0.818,0.5,3.8,4.3,2.4,1.4,1.2,1.2,2.2,7.9,
8,Ivica Zubac,28,C,5,5,23.6,5,10.6,0.472,0,0,NA,5,10.6,0.472,0.472,1.6,2,0.8,2.8,4.4,7.2,1.8,0.4,0.8,0.8,1.6,11.6,
9,Ben Sheppard,24,SG,65,20,21.4,2.6,6,0.434,1.3,3.6,0.362,1.3,2.4,0.542,0.543,0.6,0.8,0.765,0.7,2.3,3,1.8,0.6,0.1,0.6,1.8,7.1,
10,Jay Huff,27,C,79,47,20.8,3.5,7.4,0.473,1.5,4.6,0.319,2.1,2.9,0.715,0.571,1,1.2,0.819,0.9,3,3.8,1.4,0.5,1.8,0.9,2.3,9.5,
11,Ethan Thompson,26,SG,29,10,18.9,2,5.5,0.369,1.1,3.3,0.323,1,2.2,0.438,0.466,0.9,1.2,0.743,0.5,1.4,1.9,1.4,0.6,0.3,0.7,2.2,6,
12,Micah Potter,27,C,44,4,18.8,3,5.8,0.518,1.5,3.4,0.432,1.5,2.4,0.636,0.643,1.9,2.2,0.857,1.1,3.4,4.5,1.5,0.4,0.3,0.9,1.8,9.4,
13,Johnny Furphy,21,SG,35,21,18.4,2,4.3,0.47,0.7,2,0.324,1.3,2.2,0.603,0.547,0.5,1,0.486,0.9,3.5,4.4,1.2,0.6,0.2,0.8,1.9,5.1,
14,Quenton Jackson,27,PG,46,16,17.7,3,6.2,0.474,0.8,2.3,0.371,2.1,4,0.533,0.542,1.9,2.3,0.815,0.6,1.7,2.3,2.6,0.6,0.1,1.2,1.6,8.7,
15,Jeremiah Robinson-Earl,25,PF,17,3,17.6,1.7,4.9,0.349,0.5,1.9,0.242,1.2,2.9,0.42,0.398,0.8,0.8,0.929,1.9,3.3,5.2,0.7,0.4,0.1,0.6,1.4,4.6,
16,Obi Toppin,27,PF,21,3,17.5,3.8,7.9,0.479,1.4,4.2,0.33,2.4,3.7,0.649,0.567,1.8,2,0.905,0.5,3.7,4.2,2.3,0.6,0,1.1,1.3,10.7,
17,T.J. McConnell,33,PG,56,4,17.2,4.3,8,0.538,0.3,0.9,0.32,4,7.1,0.565,0.556,0.4,0.5,0.862,0.4,1.8,2.2,5.1,1,0.2,1.1,1.1,9.4,
18,Isaiah Jackson,24,C,38,14,16.8,2.5,4.3,0.582,0,0,0,2.5,4.3,0.585,0.582,1.3,1.9,0.689,2.3,3.3,5.6,0.8,0.7,0.8,1.1,2.8,6.4,
19,Kam Jones,23,SG,34,7,16.3,1.9,4.4,0.42,0.6,2,0.299,1.3,2.4,0.518,0.487,0.1,0.2,0.5,0.3,1.2,1.5,3.1,0.5,0,0.9,1.1,4.4,
20,James Wiseman,24,C,4,1,14.5,1.5,2.5,0.6,0,0,NA,1.5,2.5,0.6,0.6,0.3,0.5,0.5,1.3,0.8,2,0.8,0,0.3,1.3,2.5,3.3,
21,Cody Martin,30,SF,4,0,13.8,0.5,2.5,0.2,0,1.3,0,0.5,1.3,0.4,0.2,0.8,1.5,0.5,0.3,3.3,3.5,0.5,1,0.5,1,1.3,1.8,
22,Garrison Mathews,29,SG,15,1,13.1,1.4,3.5,0.404,1.1,3.1,0.37,0.3,0.4,0.667,0.567,1.3,1.5,0.826,0.1,1,1.1,0.7,0.4,0.2,0.2,1.3,5.2,
23,RayJ Dennis,24,PG,13,0,12.9,1.7,5.5,0.306,0.9,2.9,0.316,0.8,2.6,0.294,0.389,0.6,0.7,0.889,0.6,1,1.6,2,0.2,0.3,1.1,1.2,4.9,
24,Taelon Peter,23,SG,35,0,12.2,1.5,3.9,0.387,1.1,3.2,0.342,0.4,0.7,0.577,0.526,0.2,0.4,0.538,0.2,1.3,1.5,1,0.7,0.1,0.7,0.9,4.3,
25,Mac McClung,27,SG,3,0,11.3,2.3,6,0.389,0.7,3.3,0.2,1.7,2.7,0.625,0.444,1,1.3,0.75,0,1.3,1.3,0.3,1.7,0.3,0.7,2,6.3,
26,Tony Bradley,28,C,38,3,10.9,1.6,2.8,0.557,0,0.1,0.5,1.5,2.7,0.558,0.561,0.8,1.1,0.744,1.5,1.3,2.8,0.5,0.2,0.2,0.4,1.6,4,
27,Monte Morris,30,PG,6,0,10.8,1.2,3.3,0.35,0.3,1.3,0.25,0.8,2,0.417,0.4,0.3,0.7,0.5,0.2,1,1.2,1.5,0.2,0.2,0.3,0.5,3,
NA,Team Totals,NA,,79,79,240.9,40.8,89,0.458,13.3,37.3,0.357,27.5,51.6,0.532,0.533,17.6,22.6,0.776,9.8,31.8,41.6,27.5,7.3,4.5,14.4,21,112.4,
1,CJ McCollum,34,SG,35,35,30.9,6.9,15.1,0.454,2.7,7,0.393,4.1,8.1,0.505,0.544,2.3,2.9,0.804,0.7,2.9,3.5,3.6,0.7,0.3,1.7,2.1,18.8,NA
2,Julian Reese,22,PF,10,8,30.7,4.8,8.7,0.552,0,0,NA,4.8,8.7,0.552,0.552,1.8,3.3,0.545,4.3,7,11.3,2,1.3,0.5,2.7,3.5,11.4,NA
3,Leaky Black,26,SF,12,7,29.3,2.6,6.3,0.413,1.3,3.1,0.405,1.3,3.2,0.421,0.513,0.6,0.7,0.875,1.1,4.2,5.3,1.5,1.1,0.6,0.8,2.7,7,NA
4,Kyshawn George,22,SF,48,48,29,5.3,12,0.438,2.1,5.4,0.381,3.2,6.6,0.486,0.524,2.2,2.7,0.802,0.9,4.2,5.1,4.5,1,0.9,2.6,3.5,14.8,NA
5,Bub Carrington,20,PG,79,45,27.5,3.7,8.8,0.418,2,5,0.393,1.7,3.8,0.451,0.529,1,1.3,0.726,0.4,3,3.4,4.6,0.6,0.2,2.3,2.2,10.3,NA
6,Alex Sarr,20,C,48,48,27.2,6.6,13.7,0.482,1,3.1,0.333,5.5,10.5,0.526,0.52,2.1,3,0.692,2.2,5.2,7.4,2.7,0.8,2,1.7,2.2,16.3,NA
7,Bilal Coulibaly,21,SG,55,55,26.3,4,9.5,0.421,1.1,3.7,0.313,2.9,5.9,0.488,0.481,2.3,3.1,0.738,0.8,3.5,4.3,2.5,1.3,1,1.5,2.4,11.5,NA
8,Alondes Williams,26,SG,4,0,25.3,4,6.5,0.615,1.3,3.5,0.357,2.8,3,0.917,0.712,1.8,2,0.875,1.3,5,6.3,3,0.8,0.8,1.3,1,11,NA
9,Khris Middleton,34,SF,34,34,24.3,3.8,8.8,0.433,1,2.9,0.333,2.9,5.9,0.483,0.488,1.7,2,0.841,0.9,3.1,3.9,3.3,0.8,0.3,1.7,2.5,10.3,NA
10,Tre Johnson,19,SG,60,42,24.1,4.5,10.8,0.419,1.9,5.4,0.358,2.6,5.4,0.479,0.508,1.3,1.5,0.874,0.5,2.4,2.8,2,0.6,0.3,1.6,2,12.2,NA
11,Kadary Richmond,24,SG,3,0,22.3,3.3,5.3,0.625,0.7,1.3,0.5,2.7,4,0.667,0.688,1,1,1,0.3,3,3.3,2.7,2.7,0.3,0.7,0.7,8.3,NA
12,Will Riley,19,SF,71,16,21.6,3.6,8,0.447,1.1,3.2,0.33,2.5,4.8,0.525,0.513,1.9,2.4,0.795,0.8,2,2.7,1.9,0.7,0.1,1.2,1.2,10.1,NA
13,Trae Young,27,PG,5,5,20.8,5,8.4,0.595,1.8,4.2,0.429,3.2,4.2,0.762,0.702,3.4,4.8,0.708,0.8,2.2,3,6.2,0.6,0.2,2.6,2.6,15.2,NA
14,Jaden Hardy,23,SG,22,0,20.6,4.6,10.4,0.445,2.5,6.1,0.418,2.1,4.3,0.484,0.568,1.1,1.5,0.727,0.2,1.5,1.7,1.2,0.3,0.2,1.6,2,12.9,NA
15,Jamir Watkins,24,SG,47,6,20,2.6,5.6,0.458,0.9,2.9,0.29,1.7,2.6,0.645,0.534,1,1.5,0.696,1,2.8,3.8,1.3,1,0.5,0.8,2.6,7,NA
16,Justin Champagnie,24,SF,67,18,19.8,3.3,6.5,0.508,0.7,2.3,0.322,2.6,4.3,0.607,0.564,1.2,1.5,0.784,2.1,3.4,5.5,1.2,0.8,0.6,0.6,1.6,8.6,NA
17,Corey Kispert,26,SF,19,2,19.5,3.1,6.3,0.496,1.6,4,0.395,1.5,2.3,0.674,0.622,1.4,1.8,0.765,0.3,2,2.3,1.7,0.4,0.2,0.7,1.1,9.2,NA
18,Marvin Bagley III,26,PF,38,8,19.2,4.1,6.5,0.626,0.2,0.5,0.421,3.8,6,0.643,0.642,1.8,2.6,0.711,2.6,3.1,5.7,1.5,0.5,0.7,1.2,2.1,10.1,NA
19,Cam Whitmore,21,SF,21,0,16.9,3.7,8,0.456,0.8,2.7,0.286,2.9,5.4,0.54,0.503,1.1,1.5,0.742,0.9,1.9,2.8,0.7,0.7,0.4,0.9,1.2,9.2,NA
20,Sharife Cooper,24,PG,38,1,16.8,2.9,5.9,0.493,0.7,1.8,0.357,2.2,4,0.556,0.549,1.3,1.5,0.828,0.4,1.7,2.1,2.8,0.3,0.1,1.5,1.5,7.7,NA
21,Anthony Gill,33,PF,52,5,16.3,2.3,3.8,0.626,0.3,0.8,0.349,2.1,2.9,0.704,0.664,0.5,0.6,0.727,1.1,1.8,2.8,1.3,0.5,0.4,0.7,1.6,5.4,NA
22,Keshon Gilbert,22,PG,3,0,16,0.3,1.3,0.25,0,0.7,0,0.3,0.7,0.5,0.25,1.3,1.3,1,0.7,1,1.7,1,0.7,1.3,2,1,2,NA
23,Tristan Vukcevic,22,C,49,12,13.7,3.1,6.5,0.479,1,2.9,0.347,2.1,3.5,0.59,0.558,1.8,2.3,0.784,0.7,2.3,3,1.1,0.5,0.7,1.3,1.7,9,NA
24,Skal Labissière,29,PF,3,0,12.7,2,3.3,0.6,0.3,1.7,0.2,1.7,1.7,1,0.65,0,0,NA,1,2,3,1,0.7,0.3,0.3,1,4.3,NA
25,Malaki Branham,22,SG,28,0,9.8,1.5,3.3,0.473,0.5,1.3,0.378,1,1.9,0.537,0.549,1,1.2,0.824,0.4,1.1,1.6,0.8,0.4,0.1,0.5,0.8,4.6,NA
26,AJ Johnson,21,SG,25,0,8.6,1.1,3.3,0.325,0.3,1,0.28,0.8,2.3,0.345,0.367,0.4,0.5,0.75,0.3,0.9,1.2,0.9,0.3,0,0.7,0.6,2.8,NA
NA,Team Totals,NA,,79,79,240.9,41.8,90.3,0.463,13,36.4,0.358,28.8,53.9,0.534,0.535,16.3,21.2,0.765,11,31.1,42.1,25,7.9,5.6,15.7,21.4,112.9,NA
1,Shai Gilgeous-Alexander,27,PG,67,67,33.3,10.8,19.5,0.554,1.7,4.4,0.387,9.1,15.1,0.602,0.597,8.1,9.1,0.881,0.6,3.8,4.3,6.5,1.4,0.8,2.2,2.1,31.3,AS
2,Chet Holmgren,23,PF,68,68,28.9,6.2,11.3,0.554,1.3,3.5,0.356,5,7.8,0.643,0.609,3.2,4,0.796,1.9,7,8.8,1.6,0.6,1.9,1.5,2.3,16.9,AS
3,Jalen Williams,24,SG,32,32,28.3,6.5,13.6,0.482,0.7,2.4,0.303,5.8,11.2,0.52,0.508,3.3,3.9,0.832,0.8,3.8,4.6,5.5,1.2,0.3,1.9,1.9,17,
4,Luguentz Dort,26,SF,66,66,27.1,3,7.7,0.387,1.9,5.4,0.343,1.1,2.2,0.493,0.508,0.7,0.9,0.759,0.8,2.8,3.6,1.3,0.9,0.4,0.8,2.7,8.5,
5,Cason Wallace,22,SG,76,58,26.6,3.3,7.6,0.434,1.3,3.7,0.353,2,3.9,0.512,0.521,0.7,0.9,0.809,0.8,2.3,3.1,2.6,2,0.4,0.9,2,8.6,
6,Ajay Mitchell,23,SG,56,16,25.9,5.1,10.4,0.485,1.1,3.1,0.349,4,7.3,0.543,0.537,2.5,2.9,0.875,0.7,2.7,3.4,3.6,1.3,0.3,1.4,2.1,13.7,
7,Isaiah Hartenstein,27,C,46,45,24.3,3.9,6.3,0.619,0,0.2,0,3.9,6.2,0.634,0.619,1.3,2.2,0.602,3.2,6.3,9.5,3.6,1,0.8,1.8,2.5,9.2,
8,Aaron Wiggins,27,SG,62,19,21.9,3.6,8.3,0.433,1.5,4.2,0.356,2.1,4.1,0.512,0.523,0.8,1.1,0.743,0.6,2.5,3.1,1.6,0.9,0.4,1.3,1.3,9.6,
9,Isaiah Joe,26,SG,70,9,21.2,3.4,7.6,0.451,2.5,6,0.42,0.9,1.6,0.566,0.617,1.5,1.7,0.89,0.5,2.1,2.6,1.3,0.7,0.2,0.6,1.7,10.9,
10,Jaylin Williams,23,PF,64,11,19.8,2.3,5.4,0.422,1.5,4,0.383,0.8,1.5,0.526,0.562,1.1,1.4,0.793,0.5,5,5.5,2.5,0.5,0.7,1,2,7.3,
11,Alex Caruso,31,SG,55,0,18.3,2.3,5.4,0.424,1,3.3,0.296,1.3,2.1,0.619,0.513,0.7,0.9,0.804,0.5,2.2,2.7,2,1.3,0.3,0.9,1.2,6.3,
12,Jared McCain,21,SG,27,0,18,3.8,8.2,0.464,1.9,4.6,0.408,1.9,3.6,0.536,0.579,1,1.2,0.875,0.6,1.5,2.1,0.9,0.4,0.1,0.8,1.4,10.6,
13,Kenrich Williams,31,PF,53,2,14.8,2.4,4.9,0.489,0.9,2.2,0.402,1.5,2.7,0.559,0.578,0.6,0.9,0.64,0.9,2.2,3.1,1.3,0.5,0.1,0.8,1,6.3,
14,Ousmane Dieng,22,C,27,0,10.9,1.4,3.4,0.418,0.7,1.8,0.367,0.7,1.6,0.476,0.516,0.2,0.2,1,0.3,1.3,1.6,1,0.1,0.3,0.3,0.8,3.7,
15,Nikola Topić,20,PG,8,0,10.3,1,2.9,0.348,0.3,0.9,0.286,0.8,2,0.375,0.391,0.3,0.3,1,0.5,1.1,1.6,2.4,0.1,0,1.5,0.9,2.5,
16,Branden Carlson,26,C,40,2,10.2,2,3.7,0.541,0.6,1.7,0.348,1.4,2.1,0.695,0.618,0.3,0.5,0.5,0.6,1.9,2.6,0.6,0.2,0.5,0.4,0.9,4.8,
17,Brooks Barnhizer,23,SG,38,0,7.6,0.5,1.4,0.377,0.1,0.4,0.294,0.4,0.9,0.417,0.425,0.1,0.2,0.667,0.4,1.3,1.8,0.5,0.2,0.1,0.2,0.6,1.3,
18,Chris Youngblood,23,SG,32,0,5.4,0.6,1.9,0.333,0.5,1.6,0.314,0.1,0.3,0.444,0.467,0.3,0.3,0.9,0.2,0.7,0.9,0.3,0.1,0.1,0.1,0.6,2,
19,Buddy Boeheim,26,SF,4,0,3.8,0.5,1.5,0.333,0.5,1.5,0.333,0,0,NA,0.5,0,0,NA,0,0,0,0,0,0,0,0.3,1.5,
20,Payton Sandfort,23,SF,2,0,3.5,0.5,2.5,0.2,0.5,2,0.25,0,0.5,0,0.3,0.5,1,0.5,0,1,1,0,0,0,0.5,2.5,2,
NA,Team Totals,NA,,79,79,242.2,43.1,89,0.484,13.8,37.8,0.365,29.3,51.2,0.572,0.562,19.3,23.5,0.82,9.5,34.7,44.2,25.6,9.7,5.5,12.6,19.1,119.3,
1,De'Aaron Fox,28,PG,69,69,31,7,14.4,0.488,1.8,5.4,0.329,5.2,9,0.583,0.549,2.6,3.4,0.755,0.6,3.1,3.7,6.1,1.2,0.3,2.3,2.3,18.4,AS
2,Devin Vassell,25,SG,64,62,30.5,4.9,11.3,0.438,2.5,6.5,0.387,2.4,4.8,0.505,0.548,1.6,2,0.816,0.6,3.4,4,2.5,0.8,0.4,0.9,1.6,14,
3,Stephon Castle,21,PG,67,66,30,5.7,12,0.473,1.2,3.6,0.328,4.5,8.4,0.535,0.522,4.2,5.7,0.737,1.4,3.8,5.2,7.4,1.1,0.3,3.2,3.3,16.8,
4,Victor Wembanyama,22,C,63,54,29.2,8.6,16.8,0.51,1.9,5.4,0.35,6.7,11.3,0.587,0.567,5.7,7,0.825,2,9.5,11.5,3.1,1,3.1,2.4,2.5,24.8,AS
5,Julian Champagnie,24,SF,79,65,27.7,3.7,8.5,0.437,2.4,6.4,0.384,1.3,2.1,0.596,0.582,1.4,1.7,0.841,0.9,4.9,5.8,1.5,0.8,0.4,0.9,1.6,11.2,
6,Harrison Barnes,33,PF,74,52,25.8,3.4,7.4,0.452,1.8,4.7,0.389,1.5,2.8,0.559,0.574,1.3,1.6,0.828,0.8,2,2.8,1.9,0.6,0.2,0.8,1.1,9.9,
7,Keldon Johnson,26,SF,79,0,23.3,5,9.6,0.52,1.2,3.3,0.369,3.8,6.3,0.6,0.584,1.8,2.3,0.793,1.6,3.7,5.3,1.4,0.6,0.1,0.8,2,13,
8,Dylan Harper,19,SG,66,2,22.4,4.8,9.5,0.508,0.9,2.6,0.345,3.9,6.8,0.571,0.556,1.3,1.7,0.743,0.7,2.6,3.3,3.9,0.8,0.3,1.4,2,11.8,
9,Luke Kornet,30,C,66,24,21,2.6,4,0.64,0,0,NA,2.6,4,0.64,0.64,1.4,1.7,0.825,2.7,3.4,6.1,1.8,0.4,1,0.4,1.8,6.5,
10,Jeremy Sochan,22,PF,28,0,12.8,1.7,3.5,0.475,0.3,1.3,0.257,1.4,2.3,0.594,0.52,0.4,0.6,0.688,0.9,1.7,2.6,1,0.4,0.2,0.6,1.8,4.1,
11,Carter Bryant,20,PF,68,0,10.8,1.4,3.5,0.387,0.6,2,0.309,0.7,1.5,0.495,0.477,0.4,0.6,0.725,0.5,1.9,2.4,0.5,0.2,0.3,0.4,1.2,3.8,
12,Kelly Olynyk,34,C,42,0,8.6,1.1,2.3,0.49,0.3,1.1,0.255,0.8,1.2,0.714,0.552,0.6,0.9,0.711,0.6,1.2,1.8,1.2,0.4,0.1,0.6,0.9,3.2,
13,Lindy Waters III,28,SG,40,0,7.1,0.8,2.2,0.375,0.7,2,0.342,0.2,0.2,0.667,0.528,0.1,0.1,0.667,0.1,0.7,0.7,0.5,0.2,0,0.2,0.6,2.4,
14,Jordan McLaughlin,29,PG,41,0,6.5,0.8,1.8,0.413,0.4,1,0.41,0.4,0.9,0.417,0.52,0.1,0.1,0.8,0.1,0.5,0.7,0.9,0.5,0,0.4,0.3,2,
15,David Jones García,24,SF,11,0,6.2,1.2,2.3,0.52,0.3,0.5,0.6,0.9,1.8,0.5,0.58,0.3,0.5,0.5,0.4,0.8,1.2,1.6,0.5,0.1,0.5,0.5,2.9,
16,Mason Plumlee,35,C,5,0,6.2,0.2,0.2,1,0,0,NA,0.2,0.2,1,1,0.2,0.4,0.5,1.2,0.8,2,0.6,0.8,0,0.6,1.2,0.6,
17,Bismack Biyombo,33,C,24,1,5.7,0.3,0.6,0.571,0,0,NA,0.3,0.6,0.571,0.571,0.2,0.3,0.714,0.2,0.8,1,0.2,0.2,0.1,0.3,1.1,0.9,
18,Stanley Umude,26,SG,2,0,3.5,0.5,1,0.5,0,0.5,0,0.5,0.5,1,0.5,0,0,NA,0,0,0,0.5,0.5,0,0,1,1,
19,Harrison Ingram,23,SF,6,0,3.3,0.8,1,0.833,0.2,0.2,1,0.7,0.8,0.8,0.917,0,0,NA,0.5,0,0.5,0.2,0,0,0.2,0.3,1.8,
20,Riley Minix,25,SF,3,0,2.7,1.3,2,0.667,0.3,1,0.333,1,1,1,0.75,0,0,NA,0.3,0.3,0.7,0.3,0.3,0,0,0.3,3,
NA,Team Totals,NA,,79,79,240.6,43.3,89.8,0.483,13.6,38,0.359,29.7,51.8,0.574,0.559,19.4,24.7,0.785,11.4,35.7,47.1,28.1,7.5,5.4,13.5,19,119.7,
1,Jamal Murray,28,PG,74,74,35.4,8.8,18.1,0.483,3.2,7.5,0.434,5.5,10.7,0.518,0.573,4.6,5.2,0.886,0.4,3.9,4.4,7.2,0.9,0.4,2.3,1.8,25.4,AS
2,Nikola Jokić,30,C,63,63,35.2,10,17.7,0.568,1.8,4.6,0.38,8.3,13,0.635,0.618,6.1,7.4,0.829,2.9,10,12.9,10.9,1.4,0.8,3.8,2.7,28,AS
3,Christian Braun,24,SG,43,43,31.9,4.5,8.8,0.515,1,3.3,0.305,3.5,5.5,0.639,0.571,1.8,2.3,0.79,1.4,3.4,4.9,2.8,0.7,0.3,1,2.4,11.9,
4,Cameron Johnson,29,SF,53,53,30.5,4.2,8.7,0.475,2,4.8,0.429,2.1,4,0.531,0.592,1.8,2.1,0.839,0.8,3,3.8,2.5,0.7,0.4,0.9,2.3,12.1,
5,Peyton Watson,23,SF,54,40,29.6,5.3,10.8,0.491,1.5,3.6,0.411,3.8,7.1,0.531,0.56,2.6,3.5,0.73,0.9,4,4.9,2.1,0.9,1.1,1.7,2.5,14.6,
6,Aaron Gordon,30,PF,35,32,28.1,5.6,11.2,0.5,1.7,4.4,0.394,3.9,6.8,0.57,0.578,3.5,4.6,0.764,1.5,4.5,5.9,2.6,0.6,0.3,1.1,1.7,16.5,
7,Tim Hardaway Jr.,33,SG,78,5,26.7,4.3,9.7,0.448,2.8,6.8,0.409,1.6,2.9,0.54,0.592,2,2.5,0.813,0.2,2.4,2.6,1.3,0.5,0.1,0.6,1.3,13.5,
8,Bruce Brown,29,SG,79,2,24.3,2.9,6.3,0.466,0.7,1.8,0.385,2.2,4.5,0.499,0.521,1.2,1.5,0.769,1.1,2.7,3.8,2,1,0.2,1.1,2.4,7.7,
9,Spencer Jones,24,SF,64,37,22.1,2.1,4.1,0.504,0.9,2.3,0.396,1.2,1.8,0.636,0.613,0.5,0.8,0.608,1.2,2.1,3.3,0.8,0.8,0.5,0.5,2.7,5.5,
10,Jalen Pickett,26,SG,47,18,15.8,1.9,4.4,0.424,0.9,2.4,0.386,0.9,1.9,0.473,0.532,0.3,0.3,0.867,0.4,1.9,2.3,2.2,0.3,0.1,0.6,0.9,4.9,
11,Julian Strawther,23,SG,54,12,14.4,2.4,5.1,0.462,0.9,2.4,0.364,1.5,2.7,0.552,0.549,1,1.2,0.813,0.2,1.7,1.9,1,0.4,0.1,0.6,1.2,6.6,
12,Jonas Valančiūnas,33,C,62,5,13,3.3,5.7,0.576,0.1,0.4,0.318,3.2,5.4,0.593,0.586,1.6,2.1,0.767,1.5,3.3,4.8,1.1,0.2,0.5,1.1,2,8.3,
13,Zeke Nnaji,25,PF,49,3,11.9,1.3,2.9,0.471,0.3,1,0.265,1.1,1.9,0.582,0.518,0.7,0.9,0.773,0.6,2,2.6,0.5,0.3,0.4,0.5,1.3,3.7,
14,DaRon Holmes,23,PF,22,6,9.1,1.4,2.6,0.517,0.9,1.9,0.452,0.5,0.7,0.688,0.681,0.4,0.5,0.818,0.3,1.1,1.4,0.7,0,0.2,0.5,0.9,4,
15,Hunter Tyson,25,PF,21,2,7.7,0.7,2.5,0.269,0.3,1.6,0.212,0.3,0.9,0.368,0.337,0.5,0.6,0.846,0.2,1.5,1.7,0.8,0.1,0,0.2,0.6,2.2,
16,KJ Simpson,23,PG,4,0,6.3,0.5,2,0.25,0,0.3,0,0.5,1.8,0.286,0.25,0.3,0.5,0.5,0.8,0.5,1.3,2,0.3,0,0,1,1.3,
17,Tyus Jones,29,PG,9,0,5.3,0.4,1.4,0.308,0.2,1,0.222,0.2,0.4,0.5,0.385,0,0.1,0,0,0.6,0.6,0.7,0.1,0,0.3,0,1.1,
18,Curtis Jones,24,SG,7,0,4.7,0.6,2,0.286,0.1,1.3,0.111,0.4,0.7,0.6,0.321,0,0,NA,0.1,0.6,0.7,0.6,0.1,0,0.1,0.4,1.3,
19,David Roddy,24,PF,3,0,4.7,0.3,1.7,0.2,0,1.3,0,0.3,0.3,1,0.2,0.7,0.7,1,0.3,1.3,1.7,0.7,0.3,0,0,0.7,1.3,
NA,Team Totals,NA,,79,79,243.2,43.3,87.5,0.495,14.1,35.8,0.395,29.2,51.7,0.564,0.575,21.1,26.1,0.808,9.7,34,43.6,28.9,6.8,3.9,12.9,19.3,121.8,
1,Luka Dončić,26,PG,64,64,35.8,10.8,22.8,0.476,4,10.8,0.366,6.9,11.9,0.575,0.563,7.9,10.1,0.78,0.6,7.1,7.7,8.3,1.6,0.5,4,2.4,33.5,AS
2,Austin Reaves,27,SG,51,45,34.5,7.3,14.9,0.49,2.3,6.4,0.36,5,8.5,0.588,0.567,6.3,7.3,0.871,0.6,4.1,4.7,5.5,1.1,0.4,3,2.2,23.3,
3,LeBron James,41,SF,57,57,33.5,7.8,15.3,0.512,1.3,4.1,0.309,6.6,11.2,0.586,0.553,3.9,5.2,0.738,0.8,5.3,6.1,7.1,1.1,0.6,3,1.4,20.8,AS
4,Marcus Smart,31,SG,60,53,28.8,3.1,7.7,0.399,1.6,4.8,0.336,1.5,3,0.5,0.502,1.7,2.1,0.816,0.6,2.2,2.8,2.8,1.4,0.4,1.5,2.6,9.5,
5,Rui Hachimura,27,PF,65,38,28.3,4.5,8.7,0.513,1.7,3.8,0.436,2.8,4.8,0.575,0.61,0.7,1,0.698,0.6,2.7,3.3,0.8,0.5,0.3,0.6,1.6,11.3,
6,Deandre Ayton,27,C,69,69,27.1,5.5,8.2,0.669,0,0,NA,5.5,8.2,0.669,0.669,1.2,1.9,0.632,2.6,5.5,8,0.8,0.6,0.9,1.2,2.2,12.2,
7,Jake LaRavia,24,PF,79,41,25,2.9,6.5,0.453,0.9,3,0.312,2,3.5,0.575,0.525,1.5,1.9,0.763,1.4,2.5,3.9,1.7,1.2,0.5,1.1,2.4,8.3,
8,Luke Kennard,29,SG,29,3,23,3.2,6.2,0.525,1.4,3.1,0.444,1.9,3.1,0.607,0.637,0.8,0.9,0.923,0.4,2.3,2.8,2.3,0.5,0.1,0.9,1.6,8.7,
9,Gabe Vincent,29,PG,29,7,19.3,1.6,4.5,0.346,1.3,3.6,0.369,0.2,0.9,0.259,0.492,0.3,0.4,0.909,0.2,0.7,0.9,1.3,0.5,0,0.4,1.8,4.8,
10,Jaxson Hayes,25,C,66,9,18.3,3,4,0.756,0,0,1,3,3.9,0.753,0.761,1.5,2.3,0.653,1.5,2.6,4.1,0.9,0.4,0.8,0.5,1.9,7.5,
11,Jarred Vanderbilt,26,PF,62,3,17.2,1.7,3.6,0.473,0.5,1.5,0.312,1.3,2.1,0.586,0.538,0.5,0.9,0.589,1.3,3.2,4.4,1.2,0.8,0.3,0.8,1.6,4.5,
12,Nick Smith Jr.,21,SG,27,1,12.3,2.2,5.2,0.429,1,2.7,0.389,1.2,2.5,0.471,0.529,0.3,0.5,0.692,0.1,0.7,0.8,1.1,0.3,0.1,0.7,1,5.8,
13,Maxi Kleber,34,PF,40,1,10.7,0.8,1.7,0.463,0.2,0.6,0.24,0.6,1.1,0.595,0.507,0.4,0.6,0.583,0.8,1.2,1.9,0.7,0.4,0.3,0.4,1.4,2.1,
14,Dalton Knecht,24,SF,51,1,10.5,1.6,3.5,0.442,0.6,2,0.308,0.9,1.5,0.623,0.53,0.3,0.4,0.7,0.3,1.1,1.4,0.3,0.2,0.2,0.5,0.8,4,
15,Drew Timme,25,PF,24,1,8.9,1.4,2.5,0.567,0.4,1,0.435,1,1.5,0.649,0.65,0.2,0.4,0.556,0.4,0.9,1.3,0.8,0.2,0,0.4,0.8,3.5,
16,Bronny James,21,SG,39,1,8.3,1,2.5,0.384,0.4,1.2,0.34,0.6,1.3,0.423,0.465,0.2,0.2,0.857,0.1,0.4,0.5,1.1,0.4,0.1,0.5,0.7,2.5,
17,Kobe Bufkin,22,SG,15,1,7.7,0.9,3.2,0.292,0.3,1.7,0.2,0.6,1.5,0.391,0.344,0.7,0.8,0.917,0.1,0.8,0.9,0.6,0.1,0.2,0.3,0.5,2.9,
18,Adou Thiero,21,SF,22,0,5.9,0.5,1.2,0.462,0,0.1,0.333,0.5,1,0.478,0.481,0.6,1,0.636,0.4,0.7,1.1,0.4,0.3,0.1,0.3,0.8,1.8,
19,Chris Mañon,24,SG,7,0,5.3,0.1,0.6,0.25,0,0.3,0,0.1,0.3,0.5,0.25,0.3,0.3,1,0.1,1,1.1,0.3,0.6,0.3,0.1,0.7,0.6,
20,Christian Koloko,25,C,2,0,3,0,0,NA,0,0,NA,0,0,NA,NA,0,0,NA,0,0.5,0.5,0,0,0,0,0.5,0,
NA,Team Totals,NA,,79,79,240.3,41.9,83.8,0.5,11.8,33.1,0.356,30.2,50.7,0.595,0.571,20.7,27.1,0.763,9.5,31.6,41.1,25.6,8.3,4.3,14.4,18.6,116.3,
1,Amen Thompson,23,PG,77,77,37.3,6.9,13.1,0.529,0.3,1.5,0.221,6.6,11.6,0.568,0.541,3.8,4.9,0.779,3,4.8,7.8,5.3,1.5,0.6,2.4,2.2,18,
2,Kevin Durant,37,SF,76,76,36.4,9.1,17.6,0.517,2.4,5.8,0.413,6.7,11.8,0.569,0.585,5.2,5.9,0.878,0.5,4.9,5.4,4.7,0.8,0.9,3.2,1.8,25.8,AS
3,Jabari Smith Jr.,22,PF,75,75,35.1,5.7,12.6,0.45,2.3,6.3,0.366,3.4,6.3,0.534,0.542,2.1,2.6,0.782,1.4,5.5,6.9,1.9,0.7,0.9,1.3,2.5,15.7,
4,Alperen Şengün,23,C,70,70,33.4,8.1,15.7,0.519,0.6,1.9,0.308,7.6,13.8,0.548,0.537,3.7,5.3,0.69,3,5.9,8.9,6.2,1.2,1.1,3.2,3.3,20.5,AS
5,Reed Sheppard,21,SG,79,20,26.4,5,11.5,0.432,2.8,7,0.396,2.2,4.5,0.489,0.553,0.9,1.1,0.81,0.4,2.6,2.9,3.4,1.5,0.7,1.5,2.1,13.6,
6,Tari Eason,24,PF,57,33,25.9,4,9.6,0.415,1.6,4.3,0.36,2.4,5.3,0.459,0.495,0.8,1.1,0.758,2.1,4.2,6.3,1.5,1.2,0.5,1.4,2.3,10.4,
7,Steven Adams,32,C,32,11,22.8,2.2,4.3,0.504,0,0,NA,2.2,4.3,0.504,0.504,1.5,2.5,0.58,4.5,4.1,8.6,1.5,0.7,0.6,1.1,1.7,5.8,
8,Josh Okogie,27,SG,75,29,17.1,1.6,3.7,0.433,0.8,2,0.392,0.8,1.7,0.484,0.542,0.5,0.9,0.582,1,1.5,2.5,0.8,0.8,0.2,0.5,1.4,4.5,
9,Dorian Finney-Smith,32,PF,36,1,16.6,1.1,3.4,0.331,0.7,2.6,0.274,0.4,0.8,0.517,0.435,0.2,0.2,0.857,0.9,1.6,2.5,1,0.4,0.2,0.6,1.7,3.2,
10,Aaron Holiday,29,PG,54,1,13.7,1.9,4.5,0.412,1.2,3,0.393,0.7,1.5,0.45,0.543,0.6,0.7,0.872,0.2,0.7,0.9,1.1,0.4,0.1,0.7,1.3,5.5,
11,Clint Capela,31,C,72,2,12.3,1.5,2.9,0.505,0,0,NA,1.5,2.9,0.505,0.505,0.6,0.9,0.597,2.1,2.5,4.6,0.7,0.5,0.8,0.6,1,3.5,
12,Jae'Sean Tate,30,SF,44,0,8.4,1.1,2.2,0.5,0.2,0.7,0.3,0.9,1.5,0.588,0.546,0.2,0.2,0.7,0.7,0.8,1.4,0.5,0.2,0.1,0.3,1,2.6,
13,JD Davison,23,PG,27,0,7.1,0.8,2,0.4,0.3,1,0.286,0.5,1,0.519,0.473,0.3,0.5,0.615,0.1,0.8,0.9,1,0.2,0.1,0.3,0.6,2.2,
14,Isaiah Crawford,24,SF,13,0,5.8,0.5,1.4,0.333,0.2,0.8,0.2,0.3,0.6,0.5,0.389,0.2,0.3,0.75,0.2,0.6,0.8,0.3,0.2,0.2,0.2,0.2,1.3,
15,Jeff Green,39,PF,29,0,5.2,0.8,2.1,0.383,0.4,1.4,0.3,0.4,0.7,0.55,0.483,0.1,0.1,1,0.2,0.5,0.7,0.2,0,0,0,0.3,2.1,
NA,Team Totals,NA,,79,79,242.8,42.8,89.6,0.478,11.5,31.4,0.367,31.3,58.2,0.537,0.542,17.7,23.2,0.764,15,33,48,25.4,8.5,5.8,15.5,18.4,114.8,
1,Anthony Edwards,24,SG,60,59,35.2,9.9,20.3,0.489,3.4,8.5,0.398,6.6,11.8,0.554,0.572,5.7,7.2,0.796,0.6,4.4,5,3.7,1.4,0.8,2.8,1.9,28.9,AS
2,Julius Randle,31,PF,79,79,33,7.3,15.3,0.481,1.4,4.4,0.315,6,10.9,0.547,0.526,5,6.3,0.802,1.7,5.1,6.7,5,1.1,0.2,2.7,2.8,21.1,
3,Jaden McDaniels,25,PF,71,71,31.9,5.6,10.9,0.518,1.4,3.4,0.421,4.2,7.5,0.562,0.584,2.1,2.5,0.839,1,3.2,4.2,2.7,1.1,1,1.8,3.4,14.8,
4,Rudy Gobert,33,C,76,76,31.3,4.4,6.5,0.682,0,0.1,0,4.4,6.4,0.689,0.682,2.1,4,0.526,3.9,7.5,11.5,1.7,0.8,1.6,1.4,2.6,10.9,
5,Donte DiVincenzo,29,SG,79,79,30.8,4.2,10.3,0.404,3,7.9,0.378,1.2,2.4,0.492,0.55,0.9,1.3,0.758,0.8,3.3,4.2,3.9,1.3,0.4,1.5,2.4,12.2,
6,Ayo Dosunmu,26,SG,23,9,29,5.7,10.9,0.518,1.5,3.7,0.412,4.1,7.2,0.572,0.588,1.5,1.7,0.921,0.6,3.8,4.4,3.5,1,0.3,1.5,2.2,14.3,
7,Naz Reid,26,C,76,2,26.1,5.1,11.3,0.455,2.1,5.8,0.363,3,5.5,0.552,0.548,1.2,1.6,0.733,1.2,5,6.2,2.2,1,1,1.6,2.6,13.6,
8,Mike Conley,38,PG,53,15,18.2,1.3,4,0.325,1,3.1,0.325,0.3,0.9,0.327,0.45,0.8,0.9,0.9,0.3,1.4,1.7,2.9,0.6,0.3,0.6,1.5,4.5,
9,Kyle Anderson,32,SF,17,0,18,1.5,3.4,0.439,0,0.2,0,1.5,3.1,0.472,0.439,0.7,0.9,0.8,0.8,2.5,3.4,3,0.7,0.6,0.8,1.9,3.6,
10,Bones Hyland,25,PG,70,3,16.5,3,6.6,0.454,1.6,4.2,0.387,1.4,2.4,0.571,0.577,0.9,1.2,0.78,0.3,1.5,1.8,2.7,0.6,0.2,0.9,1.7,8.5,
11,Jaylen Clark,24,SG,65,0,12.5,1.4,3.3,0.443,0.5,1.4,0.333,1,1.9,0.525,0.514,0.7,1,0.657,0.8,0.9,1.8,0.6,0.7,0.1,0.3,1.2,4,
12,Terrence Shannon Jr.,25,SG,40,1,11.1,1.3,3.2,0.413,0.5,1.4,0.382,0.8,1.8,0.437,0.496,0.9,1.1,0.773,0.2,0.9,1.1,0.7,0.3,0,0.5,1.1,4,
13,Rob Dillingham,21,PG,35,0,9.3,1.3,4,0.333,0.3,0.9,0.364,1,3.1,0.324,0.376,0.4,0.6,0.75,0.1,1,1.2,1.7,0.5,0.1,1,1,3.5,
14,Joan Beringer,19,PF,37,1,6.3,1.3,1.9,0.662,0,0,NA,1.3,1.9,0.662,0.662,0.4,0.6,0.652,0.9,0.9,1.8,0.2,0.1,0.4,0.3,1,2.9,
15,Leonard Miller,22,SF,19,0,5,0.9,1.7,0.545,0.1,0.6,0.083,0.9,1.1,0.81,0.561,0.4,0.6,0.636,0.4,0.9,1.3,0.3,0.2,0,0.5,0.6,2.3,
16,Johnny Juzang,24,SG,21,0,4.2,0.8,1.8,0.421,0.3,1.1,0.25,0.5,0.7,0.714,0.5,0.2,0.4,0.625,0.2,0.6,0.8,0.3,0.1,0,0.2,0.1,2,
17,Joe Ingles,38,SF,25,0,4.1,0.3,0.5,0.538,0.1,0.3,0.375,0.2,0.2,0.8,0.654,0.1,0.1,1,0,0.4,0.4,0.8,0.3,0,0.4,0.2,0.8,
18,Rocco Zikarsky,19,C,4,0,4,0.8,1.3,0.6,0,0,NA,0.8,1.3,0.6,0.6,0,0,NA,0.5,0.8,1.3,0,0,0.8,0,0.3,1.5,
19,Julian Phillips,22,SF,11,0,3.9,0.5,1.1,0.5,0.1,0.5,0.2,0.5,0.6,0.714,0.542,0.5,0.5,1,0,0.2,0.2,0.2,0.4,0.1,0.2,0.3,1.7,
20,Enrique Freeman,25,PF,3,0,3.7,0,0,NA,0,0,NA,0,0,NA,NA,0,0,NA,0,1,1,0,0,0.3,0,0,0,
21,Zyon Pullin,24,SG,4,0,3,0.3,0.3,1,0,0,NA,0.3,0.3,1,1,0.5,0.5,1,0,0,0,1,0.3,0,0.8,0.5,1,
NA,Team Totals,NA,,79,79,241.3,42.5,88.5,0.48,13.7,37.2,0.369,28.7,51.3,0.56,0.557,18.9,25.2,0.751,11.1,33.3,44.4,26,8.8,5.7,14.9,21.1,117.6,
1,Devin Booker,29,SG,63,63,33.5,8.5,18.6,0.455,1.9,5.8,0.33,6.6,12.8,0.512,0.506,7.1,8.1,0.871,0.7,3.1,3.9,6,0.8,0.3,3.1,2.6,25.9,AS
2,Dillon Brooks,30,SF,54,54,30.5,7.4,17.1,0.434,2.3,6.7,0.342,5.1,10.4,0.494,0.501,3.1,3.6,0.856,0.7,2.9,3.6,1.8,1,0.2,1.8,3.3,20.2,
3,Grayson Allen,30,SG,50,26,29.1,5.3,13.2,0.405,3.2,9,0.351,2.2,4.2,0.519,0.524,2.8,3.3,0.855,0.7,2.3,3,3.9,1.4,0.3,1.6,2.3,16.7,
4,Collin Gillespie,26,PG,78,57,28.6,4.4,10.6,0.419,2.9,7.3,0.406,1.5,3.3,0.447,0.558,0.9,1.1,0.871,1.1,3,4,4.7,1.3,0.2,1.6,1.6,12.7,
5,Royce O'Neale,32,SF,76,67,28.5,3.3,8,0.418,2.7,6.7,0.406,0.6,1.3,0.475,0.587,0.3,0.5,0.722,0.8,4,4.8,2.7,1.1,0.4,1.3,2.3,9.7,
6,Jalen Green,23,SG,31,26,26.6,7,16.5,0.424,2.3,7.3,0.314,4.7,9.2,0.511,0.493,2.1,2.8,0.747,0.5,3.2,3.7,2.9,1.1,0.3,2.3,1.4,18.3,
7,Mark Williams,24,C,59,54,23.7,4.7,7.4,0.642,0,0,1,4.7,7.4,0.641,0.643,2.2,2.9,0.772,3.1,4.9,8,1,0.9,0.9,1.1,2.2,11.7,
8,Jordan Goodwin,27,PG,69,9,22.6,3.3,7.9,0.412,1.6,4.3,0.366,1.7,3.6,0.468,0.512,0.6,0.8,0.696,2,2.9,4.9,2.2,1.5,0.2,1,1.9,8.7,
9,Oso Ighodaro,23,PF,79,23,22.2,2.9,4.5,0.654,0,0,0,2.9,4.5,0.656,0.654,0.6,1.4,0.451,1.7,3.4,5.1,2.3,0.9,0.7,1.2,2.7,6.5,
10,Ryan Dunn,23,SF,67,14,19.1,2.3,5.1,0.452,0.8,2.4,0.335,1.5,2.7,0.554,0.53,0.3,0.6,0.476,1.4,2.7,4.1,1.4,0.9,0.4,0.8,1.9,5.8,
11,Haywood Highsmith,29,SF,6,0,13.3,1.7,3.3,0.5,1.3,2.2,0.615,0.3,1.2,0.286,0.7,0.8,1,0.833,1,1.2,2.2,1.2,0.7,0,0,1.3,5.5,
12,Jamaree Bouyea,26,PG,43,0,13.3,2.2,4.8,0.463,0.5,1.6,0.299,1.7,3.2,0.543,0.512,0.5,0.7,0.71,0.4,1.3,1.7,1.6,0.7,0.3,0.5,0.8,5.4,
13,Amir Coffey,28,SG,13,0,13.2,1.5,2.9,0.5,0.5,1.2,0.375,1,1.7,0.591,0.579,0.7,1,0.692,0.9,1.1,2,1,0.4,0.2,0.2,1.1,4.1,
14,Rasheer Fleming,21,PF,52,0,11.5,1.5,3.7,0.407,0.8,2.2,0.345,0.8,1.5,0.5,0.51,0.3,0.6,0.563,1.1,1.1,2.2,0.2,0.4,0.4,0.4,1.1,4.2,
15,Isaiah Livers,27,PF,36,0,9.6,0.6,1.8,0.344,0.3,1.1,0.3,0.3,0.7,0.417,0.438,0.3,0.3,0.75,0.5,1.2,1.7,0.6,0.4,0.2,0.3,0.8,1.8,
16,Nick Richards,28,C,28,2,9.1,1.3,2.5,0.493,0,0,NA,1.3,2.5,0.493,0.493,0.7,1,0.679,1.3,2,3.3,0.3,0.1,0.5,0.9,1.4,3.2,
17,Khaman Maluach,19,C,43,0,8,1,1.9,0.537,0.1,0.3,0.2,1,1.6,0.612,0.555,0.5,0.7,0.71,0.9,1.5,2.4,0.1,0.1,0.7,0.6,0.9,2.6,
18,Nigel Hayes-Davis,31,SF,27,0,7.2,0.6,1.7,0.326,0.1,0.6,0.125,0.5,1.1,0.433,0.348,0.1,0.1,0.5,0.4,0.8,1.2,0.3,0.3,0.1,0.3,0.6,1.3,
19,Koby Brea,23,SG,10,0,4.1,0.7,1.7,0.412,0.6,1.4,0.429,0.1,0.3,0.333,0.588,0.2,0.2,1,0,0.2,0.2,0.6,0,0,0.1,0.4,2.2,
20,CJ Huntley,24,SF,2,0,3.5,0.5,1,0.5,0,0,NA,0.5,1,0.5,0.5,0,0,NA,0,0,0,0.5,0,0,0,0.5,1,
NA,Team Totals,NA,,79,79,240.9,41,90.1,0.455,14.8,40.9,0.362,26.2,49.2,0.532,0.537,16,20.5,0.783,12.9,30,42.9,24.8,9.7,4.2,14.5,20.9,112.8,
1,James Harden,36,PG,44,44,35.4,7.3,17.5,0.419,3.1,8.8,0.347,4.3,8.7,0.492,0.506,7.7,8.5,0.901,0.6,4.2,4.8,8.1,1.3,0.4,3.7,1.9,25.4,
2,Kawhi Leonard,34,SF,63,63,32,9.8,19.4,0.506,2.7,6.9,0.389,7.1,12.5,0.571,0.575,5.8,6.5,0.895,1.1,5.2,6.3,3.6,1.9,0.4,2,1.2,28.1,AS
3,Ivica Zubac,28,C,43,42,30.9,6.1,10,0.613,0,0,NA,6.1,10,0.613,0.613,2.2,3.1,0.705,3.4,7.6,11,2.2,0.4,0.8,1.9,2.4,14.4,
4,Bennedict Mathurin,23,SF,23,1,29,5.5,12.7,0.432,0.7,3.2,0.205,4.8,9.5,0.507,0.457,6.7,7.8,0.861,1.3,4.4,5.7,2.4,1.1,0.3,2.2,2.5,18.3,
5,Darius Garland,26,PG,17,15,28.5,7.5,15.4,0.489,3.5,7.7,0.458,4,7.7,0.519,0.603,1.8,2.2,0.838,0.3,1.9,2.2,6.4,1.1,0.3,3.1,1.8,20.4,
6,John Collins,28,PF,66,54,27.4,5.3,9.6,0.555,1.3,3.2,0.413,4,6.4,0.626,0.624,1.7,2.3,0.772,1.6,3.7,5.3,1,0.9,0.8,1.3,2.7,13.7,
7,Kris Dunn,31,PG,79,65,27.3,2.8,5.8,0.481,1,2.6,0.38,1.8,3.3,0.56,0.565,0.8,1,0.765,0.7,2.6,3.3,3.6,1.6,0.2,1.3,2.3,7.4,
8,Derrick Jones Jr.,28,SF,47,42,27.1,3.9,7.7,0.504,1.1,3.1,0.354,2.8,4.6,0.604,0.575,1.4,1.9,0.764,1.2,2.3,3.4,1.4,0.9,1,0.8,2.1,10.3,
9,Jordan Miller,26,SF,57,1,21.6,3.5,6.5,0.528,0.6,1.8,0.34,2.9,4.8,0.597,0.574,2.2,2.9,0.767,0.9,2.1,3,2.2,0.8,0.2,1,1,9.7,
10,Brook Lopez,37,C,72,37,21.5,3,7,0.424,1.5,4.1,0.354,1.5,2.9,0.524,0.528,0.8,1,0.775,0.6,2.9,3.5,1.3,0.6,1.2,0.8,2,8.2,
11,Bradley Beal,32,SG,6,6,20.2,3,8,0.375,1.2,3.2,0.368,1.8,4.8,0.379,0.448,1,1.3,0.75,0.3,0.5,0.8,1.7,0.5,0,1.5,2.3,8.2,
12,Kobe Sanders,23,SG,65,16,19.9,2.6,5.6,0.464,1.2,2.9,0.409,1.4,2.7,0.522,0.569,0.8,0.9,0.803,0.4,1.8,2.3,1.6,0.7,0.1,1.2,2.1,7.1,
13,Bogdan Bogdanović,33,SG,22,3,19.6,2.4,6.5,0.371,1.3,4,0.322,1.1,2.5,0.446,0.469,0.9,1.1,0.8,0.3,2.3,2.5,2.3,0.5,0,1.2,2,7,
14,Nicolas Batum,37,PF,71,6,17.8,1.3,3.3,0.398,1.2,3.1,0.398,0.1,0.1,0.4,0.589,0.1,0.2,0.818,0.3,2.2,2.5,0.9,0.7,0.3,0.5,1.3,4,
15,Isaiah Jackson,24,C,17,0,15.9,3.2,4.2,0.764,0,0.1,0,3.2,4.1,0.786,0.764,1,1.8,0.548,1.6,3.1,4.6,1.2,0.6,1.2,0.9,2.3,7.5,
16,Chris Paul,40,PG,16,0,14.3,1.1,3.5,0.321,0.6,1.9,0.333,0.5,1.6,0.308,0.411,0.1,0.1,0.5,0.4,1.4,1.8,3.3,0.7,0,1,1.4,2.9,
17,Yanic Konan Niederhäuser,22,C,41,0,10.3,1.6,2.4,0.64,0,0.1,0.2,1.5,2.3,0.663,0.645,1.1,1.5,0.758,0.9,2,2.9,0.3,0.1,0.7,0.6,1.6,4.3,
18,Cam Christie,20,SG,53,0,8.9,1,2.6,0.38,0.2,0.9,0.245,0.8,1.7,0.455,0.423,0.7,0.9,0.76,0.4,1.1,1.5,0.6,0.3,0.1,0.4,0.4,2.9,
19,Kobe Brown,26,PF,34,0,8.7,1,2.5,0.393,0.4,1.4,0.265,0.6,1,0.571,0.47,0.6,0.8,0.808,0.5,1,1.6,0.8,0.3,0.1,0.4,0.5,2.9,
20,Patrick Baldwin Jr.,23,SF,2,0,6,1.5,2,0.75,1,1.5,0.667,0.5,0.5,1,1,1,1,1,0,0.5,0.5,0,0,0,0.5,1,5,
21,TyTy Washington Jr.,24,PG,14,0,5.7,0.6,1.4,0.474,0.2,0.6,0.375,0.4,0.8,0.545,0.553,0,0,NA,0.1,0.4,0.4,1.1,0.3,0.1,0.2,0.4,1.5,
22,Dalano Banton,26,PG,2,0,5,1.5,2,0.75,0,0,NA,1.5,2,0.75,0.75,0,0,NA,0.5,0,0.5,1,0.5,0,0.5,0,3,
23,Sean Pedulla,23,PG,6,0,4.8,0.8,2.5,0.333,0.5,1.7,0.3,0.3,0.8,0.4,0.433,0,0,NA,0,0.5,0.5,0.8,0,0,0,0.7,2.2,
24,Norchad Omier,24,PF,5,0,4.4,1.2,1.6,0.75,0,0.2,0,1.2,1.4,0.857,0.75,0.6,0.6,1,0.6,0.6,1.2,0.4,0.2,0,0,0.6,3,
25,RayJ Dennis,24,PG,1,0,4,0,0,NA,0,0,NA,0,0,NA,NA,0,0,NA,0,2,2,0,0,0,1,0,0,
26,Jahmyl Telfort,24,PF,8,0,4,0,0.5,0,0,0.5,0,0,0,NA,0,0.1,0.5,0.25,0,0.4,0.4,0.1,0.1,0,0.1,0.6,0.1,
NA,Team Totals,NA,,79,79,241.3,40.6,83.5,0.486,12.4,33.7,0.368,28.2,49.8,0.565,0.56,20.5,24.9,0.823,9.5,31.1,40.7,23.7,9.1,4.9,14.4,18.7,114,
1,Toumani Camara,25,PF,79,79,33.2,4.8,10.8,0.442,2.7,7.2,0.371,2.1,3.6,0.585,0.566,1.2,1.7,0.708,1.6,3.6,5.2,2.4,1.1,0.4,1.8,2.9,13.4,
2,Deni Avdija,25,SF,63,63,33.2,7.3,16,0.457,1.9,6,0.315,5.4,10,0.541,0.515,7.5,9.4,0.802,1.1,5.8,7,6.7,0.8,0.6,3.8,2.6,24,AS
3,Shaedon Sharpe,22,SG,48,42,30,8,17.6,0.456,2.1,6.2,0.34,5.9,11.5,0.518,0.515,3.2,4,0.784,1,3.4,4.4,2.6,1.4,0.1,3,2,21.4,
4,Jerami Grant,31,PF,57,38,29.7,5.8,12.8,0.453,2.4,6.1,0.389,3.4,6.7,0.513,0.547,4.6,5.6,0.814,1,2.5,3.5,2.1,0.7,0.6,2.1,2.5,18.6,
5,Jrue Holiday,35,PG,50,48,29.3,6.1,13.4,0.455,2.7,6.9,0.39,3.4,6.5,0.525,0.555,1.6,1.9,0.83,1.3,3.2,4.5,6.2,1.1,0.1,2.7,1.4,16.4,
6,Donovan Clingan,21,C,74,74,27.2,4.6,8.9,0.519,1,3.1,0.332,3.6,5.7,0.622,0.578,1.8,2.7,0.675,4.5,7.1,11.6,2.1,0.6,1.7,1.3,2.4,12.1,
7,Scoot Henderson,21,PG,27,7,24.1,4.7,11.3,0.418,1.9,5.3,0.357,2.8,6,0.472,0.502,2.9,3.4,0.839,0.6,2.1,2.7,3.8,0.7,0.3,2.5,2.9,14.2,
8,Kris Murray,25,SF,54,15,23.5,2.2,4.9,0.457,0.6,2.2,0.265,1.7,2.7,0.608,0.515,0.7,1,0.698,1.6,2,3.6,1.4,0.9,0.4,0.8,1.6,5.7,
9,Caleb Love,24,SG,47,1,21.5,4,10.4,0.389,2,6.2,0.32,2.1,4.2,0.49,0.484,0.8,1,0.735,0.5,1.9,2.4,2.6,0.6,0.1,1.3,1,10.8,
10,Vít Krejčí,25,PG,18,0,19.9,2.7,6.6,0.407,1.5,4.9,0.307,1.2,1.7,0.7,0.521,0.6,0.8,0.733,0.7,2.2,2.8,1.8,0.6,0.3,0.6,1.6,7.4,
11,Sidy Cissoko,21,SF,72,26,19.8,1.8,4.6,0.398,0.8,2.7,0.299,1,1.9,0.541,0.486,0.8,1.2,0.651,0.9,1.4,2.3,1.5,0.7,0.3,1,2.5,5.3,
12,Robert Williams,28,C,56,1,17.1,3,4.2,0.712,0.1,0.4,0.333,2.9,3.8,0.749,0.727,0.6,0.9,0.608,2.4,4.6,6.9,1,0.6,1.5,0.8,1.3,6.7,
13,Matisse Thybulle,28,SG,27,0,15.9,2,4.4,0.45,1.3,3.1,0.412,0.7,1.3,0.543,0.596,0.7,0.9,0.87,0.6,1.5,2.1,1,2,0.5,1,1.5,6,
14,Blake Wesley,22,SG,28,0,12.6,2,4.3,0.458,0.4,1.3,0.286,1.6,3,0.529,0.5,0.9,1.6,0.556,0.3,1,1.3,2.2,0.6,0.2,1.1,1.2,5.2,
15,Rayan Rupert,21,SG,48,0,12,1.1,3.1,0.361,0.5,1.5,0.31,0.6,1.6,0.408,0.435,0.2,0.3,0.643,0.5,1.3,1.8,0.7,0.6,0,0.6,1.3,2.9,
16,Chris Youngblood,23,SG,1,0,9,2,3,0.667,2,3,0.667,0,0,NA,1,0,0,NA,0,0,0,1,0,0,0,1,6,
17,Duop Reath,29,C,32,0,8.1,1,2.3,0.446,0.7,1.7,0.418,0.3,0.6,0.526,0.601,0.2,0.2,0.833,0.3,0.9,1.2,0.3,0.2,0.3,0.2,0.9,2.9,
18,Yang Hansen,20,C,41,1,7.2,0.8,2.4,0.31,0.1,1,0.119,0.6,1.4,0.448,0.335,0.7,0.8,0.824,0.5,1.1,1.6,0.5,0.1,0.2,0.8,1,2.3,
19,Jayson Kent,23,SF,3,0,6.3,1.3,2,0.667,0.3,1,0.333,1,1,1,0.75,0.3,0.3,1,0,1.3,1.3,0,0.3,0.3,0,0.3,3.3,
20,Javonte Cooke,26,SG,19,0,4.9,0.5,2.2,0.22,0.2,1.2,0.13,0.3,0.9,0.333,0.256,0.1,0.1,1,0.2,0.8,1,0.4,0.3,0,0.5,0.3,1.2,
NA,Team Totals,NA,,79,79,240.9,40.8,90,0.453,14.5,42.3,0.343,26.3,47.7,0.551,0.534,19.4,25.4,0.765,14.1,31.9,46,25.1,8.2,5.5,17.4,20,115.6,
1,Jimmy Butler,36,SF,38,38,31.1,6.3,12.2,0.519,0.8,2.2,0.376,5.5,9.9,0.552,0.554,6.5,7.6,0.864,2.3,3.2,5.6,4.9,1.4,0.2,1.6,1.2,20,
2,Stephen Curry,37,PG,41,39,31,8.9,19,0.468,4.5,11.4,0.392,4.4,7.5,0.584,0.587,4.8,5.1,0.929,0.4,3.1,3.5,4.8,1.1,0.4,2.8,1.8,27,AS
3,Brandin Podziemski,22,SG,79,40,28.6,4.7,10.5,0.454,1.9,5,0.373,2.9,5.5,0.528,0.543,2.3,2.9,0.789,0.9,4.3,5.2,3.8,1.1,0.2,1.6,1.7,13.6,
4,Draymond Green,35,PF,66,66,27.6,3.1,7.4,0.417,1.5,4.7,0.326,1.6,2.7,0.572,0.52,0.8,1.2,0.688,0.8,4.8,5.5,5.5,0.9,0.6,2.6,2.9,8.5,
5,Moses Moody,23,SG,60,49,25.7,4.1,9.3,0.44,2.5,6.3,0.401,1.6,3,0.522,0.575,1.5,1.9,0.77,0.9,2.5,3.3,1.6,1,0.6,1,2,12.1,
6,Jonathan Kuminga,23,PF,20,13,23.8,4.4,9.7,0.454,0.9,2.7,0.321,3.6,7.1,0.504,0.497,2.5,3.3,0.742,1.5,4.4,5.9,2.5,0.4,0.3,2.3,1.7,12.1,
7,Kristaps Porziņģis,30,C,13,9,23.5,5.4,12.2,0.443,1.7,5.2,0.328,3.7,7,0.527,0.513,4.4,5.2,0.838,1.2,3.8,5,2.5,0.6,1.2,1.6,2.5,16.8,
8,De'Anthony Melton,27,PG,46,22,23.1,4.5,11,0.409,1.5,5.1,0.296,3,6,0.505,0.477,2,2.5,0.817,0.8,2.4,3.2,2.6,1.6,0.4,1.9,1.9,12.6,
9,Al Horford,39,C,43,12,21.7,3.1,7.2,0.424,1.7,4.6,0.36,1.4,2.7,0.535,0.539,0.5,0.6,0.846,1,4,5,2.6,0.7,1.2,1,1.2,8.3,
10,Gui Santos,23,PF,66,29,20.5,3.4,6.7,0.505,1.2,3.3,0.352,2.2,3.4,0.653,0.591,1.3,1.8,0.729,1.1,2.8,3.9,2.3,0.9,0.3,1.5,2,9.3,
11,Will Richard,23,SG,67,21,20.2,2.4,5.1,0.474,1.1,3.1,0.341,1.4,2,0.679,0.577,0.7,0.8,0.852,1,1.5,2.5,1.4,1.2,0.1,0.8,1.9,6.6,
12,Charles Bassey,25,C,2,0,18.5,4.5,7,0.643,0,0,NA,4.5,7,0.643,0.643,0.5,0.5,1,2.5,5.5,8,0.5,1,2,0.5,1.5,9.5,
13,Pat Spencer,29,PG,63,13,18.4,2.8,6.6,0.429,0.9,2.5,0.361,1.9,4,0.471,0.498,0.7,0.9,0.772,0.8,1.6,2.4,3.5,0.7,0.1,1.3,1.1,7.2,
14,Buddy Hield,33,SG,44,3,17.5,3,6.8,0.433,1.5,4.4,0.344,1.4,2.4,0.6,0.545,0.6,0.8,0.794,0.6,1.9,2.5,1.5,0.8,0.2,1,1.3,8,
15,Quinten Post,25,PF,67,35,17.3,2.9,6.6,0.44,1.4,4.1,0.336,1.5,2.4,0.617,0.546,0.5,0.6,0.791,1,3,4,1.4,0.4,0.5,0.8,1.9,7.7,
16,LJ Cryer,24,PG,17,1,16.3,2.6,6.5,0.396,2.1,5.2,0.393,0.5,1.3,0.409,0.554,1,1.1,0.895,0.2,1.4,1.6,0.9,0.1,0,0.7,1.6,8.2,
17,Nate Williams,26,SG,12,1,16,2.8,5.7,0.485,0.8,1.8,0.429,2,3.9,0.511,0.551,0.9,1.1,0.846,1.3,0.8,2,0.8,0.4,0,0.9,1.9,7.2,
18,Gary Payton II,33,SG,70,1,15.7,3.3,5.8,0.576,0.5,1.8,0.294,2.8,4,0.704,0.622,0.3,0.5,0.632,1.4,2.3,3.7,1.7,0.9,0.3,0.9,1.8,7.5,
19,Seth Curry,35,SG,8,0,12.3,2.3,4.1,0.545,1.1,2.3,0.5,1.1,1.9,0.6,0.682,1.1,1.3,0.9,0.4,0.8,1.1,1,0.4,0,0.3,0.9,6.8,
20,Omer Yurtseven,27,C,9,0,11.6,1.2,2.9,0.423,0,0.4,0,1.2,2.4,0.5,0.423,1.3,2,0.667,1.4,1.9,3.3,0.9,0.2,0.1,1,1.7,3.8,
21,Trayce Jackson-Davis,25,C,36,1,11.4,1.7,2.8,0.588,0,0,1,1.6,2.8,0.584,0.593,0.8,1.4,0.558,1.3,1.8,3.1,0.9,0.4,0.5,0.5,1.1,4.2,
22,Malevy Leons,26,SF,22,2,10.2,1,2.6,0.404,0.1,0.6,0.231,0.9,2,0.455,0.43,0.3,0.5,0.636,1.2,0.9,2,0.8,0.5,0.4,0.5,1.2,2.5,
NA,Team Totals,NA,,79,79,241.6,41,89,0.461,15.8,44.4,0.357,25.2,44.6,0.565,0.55,16.9,21,0.803,11.3,31.1,42.4,29,9.8,4.3,15.7,19.7,114.8,
1,Trey Murphy III,25,SF,66,66,35.5,7.5,15.9,0.47,3.2,8.6,0.379,4.2,7.3,0.577,0.572,3.3,3.7,0.886,1,4.8,5.7,3.8,1.5,0.4,1.8,2.1,21.5,NA
2,Saddiq Bey,26,SF,72,64,31.2,6.1,13.4,0.451,2.1,5.7,0.367,4,7.7,0.514,0.529,3.4,4.1,0.841,1.7,3.9,5.6,2.5,0.9,0.1,0.9,1.3,17.7,NA
3,Zion Williamson,25,PF,62,55,29.7,7.8,13,0.6,0,0.1,0.25,7.8,13,0.601,0.6,5.4,7.5,0.716,2,3.7,5.7,3.2,1,0.5,2,2.3,21,NA
4,Herbert Jones,27,SF,56,56,28.4,3.3,8.5,0.383,1.4,4.6,0.309,1.8,3.9,0.47,0.467,0.9,1.1,0.806,0.8,2.6,3.4,2.8,1.6,0.5,1.3,3.2,8.9,NA
5,Dejounte Murray,29,PG,14,14,27.8,6.3,13,0.484,1.4,4.4,0.306,4.9,8.6,0.575,0.536,2.8,3.2,0.867,0.3,5.1,5.4,6.4,1.6,0.2,3.4,2.4,16.7,NA
6,Josh Oduro,25,PF,1,0,26,4,7,0.571,0,0,NA,4,7,0.571,0.571,1,2,0.5,2,3,5,1,0,0,1,4,9,NA
7,Jeremiah Fears,19,PG,80,47,25.3,5.2,11.9,0.434,1.2,3.6,0.337,3.9,8.2,0.477,0.486,2.2,2.8,0.792,0.7,2.9,3.6,3.4,1.2,0.4,2.2,1.8,13.7,NA
8,Derik Queen,21,C,79,46,24.6,4.2,8.9,0.473,0.3,1.1,0.262,3.9,7.9,0.502,0.489,2.6,3.2,0.793,1.6,5.2,6.8,3.7,1,0.9,2.3,2.6,11.3,NA
9,Jordan Poole,26,PG,38,7,23.8,4.3,11.4,0.373,2.5,7.4,0.332,1.8,4,0.45,0.482,2.5,2.9,0.872,0.2,1.7,1.9,3.1,0.6,0.4,1.7,2.3,13.5,NA
10,Jose Alvarado,27,PG,41,0,21.9,2.9,6.8,0.418,1.7,4.7,0.363,1.1,2.1,0.54,0.543,0.5,0.6,0.833,0.4,2.4,2.8,3.1,0.9,0.1,1.1,2,7.9,NA
11,Bryce McGowens,23,SG,42,13,21,2.7,5.6,0.481,0.9,2.2,0.409,1.8,3.4,0.528,0.561,1.8,2.3,0.779,0.3,1.8,2.1,1.5,0.6,0.2,0.4,2.1,8.1,NA
12,Yves Missi,21,C,66,14,19.7,2.4,4.5,0.544,0,0,0,2.4,4.4,0.546,0.544,0.9,1.5,0.559,2.8,3.1,5.8,1.3,0.3,1.5,0.8,1.7,5.7,NA
13,DeAndre Jordan,37,C,12,7,16.6,1.8,2.7,0.656,0,0,NA,1.8,2.7,0.656,0.656,0.9,1.4,0.647,2.2,4.2,6.3,0.9,0.3,0.8,0.8,1.3,4.4,NA
14,Karlo Matković,24,PF,62,2,14.7,2.3,3.8,0.604,0.6,1.5,0.422,1.7,2.3,0.717,0.685,0.5,0.7,0.732,1.2,2.5,3.7,0.8,0.4,0.9,0.5,1.7,5.7,NA
15,Kevon Looney,29,C,20,7,14.2,1.3,2.9,0.431,0.1,0.6,0.182,1.2,2.4,0.489,0.448,0.4,0.5,0.7,2.3,3.3,5.6,1.6,0.4,0.5,0.4,1.7,3,NA
16,Micah Peavy,24,SG,59,2,14.2,1.7,4.3,0.387,0.4,1.7,0.257,1.2,2.6,0.471,0.438,0.3,0.4,0.714,0.7,1.2,1.9,1,0.7,0.1,0.3,1.4,4.1,NA
17,Jordan Hawkins,23,SG,49,0,13,1.7,4.6,0.366,0.9,2.6,0.346,0.8,2,0.392,0.464,0.3,0.4,0.81,0.4,1.2,1.6,0.7,0.2,0.2,0.6,0.5,4.6,NA
18,Trey Alexander,22,SG,7,0,9.1,1.1,2.3,0.5,0.4,0.6,0.75,0.7,1.7,0.417,0.594,0.3,0.3,1,0,1.1,1.1,1,0.4,0.1,0.3,1,3,NA
19,Hunter Dickinson,25,C,3,0,5.7,0.3,1.7,0.2,0,0.7,0,0.3,1,0.333,0.2,0.7,0.7,1,0,0.3,0.3,0,0,0.7,1,1.3,1.3,NA
NA,Team Totals,NA,,80,80,241.6,42.1,90.2,0.466,11.3,32.3,0.349,30.8,57.9,0.532,0.529,20,25.5,0.784,12.1,31.7,43.8,25.2,8.9,5.2,14.3,19.8,115.4,NA
1,Toby Okani,24,SG,3,1,33.7,2.7,9.3,0.286,1,4,0.25,1.7,5.3,0.313,0.339,0,1.3,0,2,2,4,0.3,0.7,0.3,0.7,4,6.3,NA
2,Dariq Whitehead,21,SF,3,0,30.7,5.3,14.7,0.364,3.3,9.7,0.345,2,5,0.4,0.477,0.7,1,0.667,0,3.3,3.3,1.7,1.3,0,2.3,2,14.7,NA
3,Jaren Jackson Jr.,26,C,45,45,30.7,7.1,14.9,0.475,1.8,4.9,0.359,5.3,10,0.531,0.534,3.3,4.2,0.797,0.9,4.8,5.8,1.9,1,1.5,2.2,3.8,19.2,NA
4,Rayan Rupert,21,SG,14,7,29.6,3.9,9,0.437,1.4,3.5,0.388,2.6,5.5,0.468,0.512,2.1,2.6,0.806,1.4,4.2,5.6,1.8,1.5,0.4,1.3,4,11.3,NA
5,Ja Morant,26,PG,20,20,28.5,6.6,16.1,0.41,1,4.3,0.235,5.6,11.9,0.473,0.441,5.3,5.9,0.897,0.4,2.9,3.3,8.1,1,0.3,3.6,2,19.5,NA
6,Santi Aldama,25,PF,43,11,27.9,5.3,11.1,0.479,1.6,4.7,0.35,3.7,6.4,0.572,0.553,1.8,2.7,0.667,1.6,5.1,6.7,2.9,0.9,0.7,1.3,1.6,14,NA
7,Adama-Alpha Bal,22,SG,6,0,27.3,3.2,7.7,0.413,2.2,5,0.433,1,2.7,0.375,0.554,0.3,0.5,0.667,0.7,2.2,2.8,1.7,1,0,0.7,4,8.8,NA
8,Jaylen Wells,22,SG,69,69,26.4,4.4,10.1,0.431,1.9,5.3,0.353,2.5,4.8,0.517,0.524,1.9,2.5,0.784,0.9,2.3,3.2,1.6,0.9,0.1,1.1,2.1,12.5,NA
9,Lucas Williamson,27,SG,4,1,26,2.3,7.5,0.3,1.8,5.5,0.318,0.5,2,0.25,0.417,1,1,1,1.3,2,3.3,2.8,1,0,1.3,3.5,7.3,NA
10,Zach Edey,23,C,11,11,25.8,5.6,8.9,0.633,0.1,0.5,0.2,5.5,8.5,0.656,0.638,2.3,2.9,0.781,3.9,7.2,11.1,1.1,0.6,1.9,2.4,3.4,13.6,NA
11,Cedric Coward,22,SG,61,46,25.8,4.8,10.3,0.468,1.5,4.4,0.336,3.4,6,0.565,0.539,2.2,2.6,0.845,1.3,4.5,5.9,2.8,0.6,0.4,1.7,2,13.4,NA
12,Tyler Burton,25,SF,12,0,25.6,3.5,9.3,0.375,1.8,5.5,0.333,1.7,3.8,0.435,0.473,1.9,2.3,0.852,0.7,3.5,4.2,1,0.9,0.3,0.9,2.6,10.8,NA
13,Walter Clayton,22,PG,23,5,25.1,3,8.5,0.359,1.3,4.2,0.302,1.8,4.3,0.414,0.433,2.1,2.4,0.857,0.4,1.7,2.1,5.8,0.9,0.3,2.5,1.8,9.4,NA
14,Lawson Lovering,22,C,2,1,24.5,3,5,0.6,0,0,NA,3,5,0.6,0.6,1,2.5,0.4,3,4.5,7.5,1.5,1.5,0.5,1,3.5,7,NA
15,Taylor Hendricks,22,PF,25,10,24.2,4,8.8,0.452,1.5,4.4,0.333,2.5,4.3,0.574,0.537,1,1.5,0.632,1.4,3.3,4.6,1.2,1.4,0.8,1.2,2.2,10.4,NA
16,Cam Spencer,25,SG,72,20,23.8,3.7,7.7,0.473,2,4.5,0.449,1.6,3.2,0.506,0.604,1.8,1.9,0.94,0.6,2,2.5,5.6,0.7,0.2,1.3,1.4,11.1,NA
17,Jock Landale,30,C,45,25,23.6,4.4,8.6,0.514,1.1,2.9,0.38,3.4,5.8,0.581,0.577,1.3,2,0.674,3.1,3.4,6.5,1.7,0.6,0.5,1,2.3,11.3,NA
18,Ty Jerome,28,SG,15,15,22.6,6.8,14.3,0.474,2.8,6.7,0.42,4,7.7,0.522,0.572,3.3,3.7,0.875,0.7,2.1,2.8,5.7,1.1,0.3,1.8,2.1,19.7,NA
19,Kyle Anderson,32,SF,4,3,22.3,3.8,4.8,0.789,0.3,0.3,1,3.5,4.5,0.778,0.816,1.5,2,0.75,0.8,2.8,3.5,0.8,1.5,1,1.8,3,9.3,NA
20,Vince Williams Jr.,25,PG,34,12,21.6,2.7,7.8,0.352,1.4,4.7,0.308,1.3,3.1,0.419,0.445,1.1,1.4,0.804,1,3,4,4.4,0.8,0.4,1.9,2.1,8,NA
21,GG Jackson II,21,PF,55,28,21.4,4.6,9.3,0.496,1.2,3.5,0.332,3.5,5.8,0.595,0.558,2,2.7,0.742,0.9,3.4,4.3,1.5,0.6,0.8,1.5,1.4,12.5,NA
22,Kentavious Caldwell-Pope,32,SG,51,14,21.3,2.9,7.2,0.41,1.1,3.4,0.316,1.9,3.8,0.495,0.485,1.4,1.6,0.913,0.4,2.1,2.5,2.7,0.8,0.2,1.2,1.1,8.4,NA
23,Scotty Pippen Jr.,25,PG,10,6,21.2,4.3,9.6,0.448,1,3.2,0.313,3.3,6.4,0.516,0.5,1.8,2.3,0.783,0.8,1.4,2.2,4.7,1.9,0.4,2.7,3.1,11.4,NA
24,DeJon Jarreau,28,SG,11,0,21,3,7.5,0.398,0.4,2.7,0.133,2.6,4.8,0.547,0.422,1.6,2.1,0.783,1.1,3.5,4.6,3.3,0.9,0.7,2.4,2.5,8,NA
25,Javon Small,23,PG,40,12,20.1,3.2,6.7,0.472,1.5,3.3,0.439,1.7,3.4,0.504,0.58,1.7,2,0.825,0.9,2.3,3.1,3.8,0.8,0.2,1.4,1.6,9.5,NA
26,Jahmai Mashack,23,SG,28,4,19.8,2.3,5.6,0.399,0.6,2.1,0.267,1.7,3.5,0.48,0.449,0.6,1.1,0.567,0.8,1.4,2.2,1.3,1.3,0.4,1.3,2,5.7,NA
27,Olivier-Maxence Prosper,23,PF,53,24,18.6,3.6,6.6,0.549,1.1,2.8,0.405,2.5,3.8,0.653,0.634,1.6,2.2,0.754,1.1,2.4,3.5,1,0.8,0.2,0.9,1.6,10,NA
28,Christian Koloko,25,C,11,2,17.7,1.3,3.2,0.4,0,0.1,0,1.3,3.1,0.412,0.4,0.1,0.4,0.25,1.7,2.3,4,0.9,0.9,1.2,0.6,1.8,2.6,NA
29,Charles Bassey,25,C,2,0,15.5,1.5,4,0.375,0,0,NA,1.5,4,0.375,0.375,0.5,1.5,0.333,3.5,4,7.5,1,0.5,0.5,0.5,2.5,3.5,NA
30,John Konchar,29,SG,30,1,14.5,1.2,2.4,0.521,0.4,1.3,0.333,0.8,1.1,0.75,0.613,0.3,0.4,0.615,0.7,2.4,3.1,1.3,1,0.4,0.5,1,3.2,NA
31,Brandon Clarke,29,PF,2,2,10,1.5,4.5,0.333,0,0,NA,1.5,4.5,0.333,0.333,1,2,0.5,2,1,3,0.5,1,0,0,2.5,4,NA
32,Taj Gibson,40,C,8,0,9.1,1.3,2.4,0.526,0.4,0.8,0.5,0.9,1.6,0.538,0.605,0.6,0.8,0.833,1,1.6,2.6,0.6,0.3,0.1,0.1,1.3,3.5,NA
33,PJ Hall,23,C,7,0,3.9,0.7,1.3,0.556,0.1,0.4,0.333,0.6,0.9,0.667,0.611,0.3,0.4,0.667,0.4,0.9,1.3,0.3,0,0.3,0.1,0.4,1.9,NA
NA,Team Totals,NA,,79,79,240.6,41.4,90.3,0.458,13.9,39.1,0.356,27.4,51.2,0.536,0.535,18.3,23.1,0.792,11.3,30.9,42.2,28,8.9,4.9,15.2,20.5,115,NA
1,Cooper Flagg,19,SF,67,67,33.9,8,17.1,0.471,1,3.5,0.297,7,13.6,0.515,0.501,4.1,5,0.823,1.2,5.4,6.6,4.5,1.2,0.9,2.3,2.1,21.2,NA
2,Anthony Davis,32,PF,20,20,31.3,8.5,16.7,0.506,0.5,1.9,0.27,8,14.9,0.535,0.521,3,4.1,0.728,3.1,8,11.1,2.8,1.1,1.7,2.1,2.1,20.4,NA
3,P.J. Washington,27,PF,56,53,31,5.3,11.8,0.45,1.4,4.2,0.325,3.9,7.6,0.519,0.508,2.2,3.3,0.687,1.5,5.5,7,1.8,1,1.1,1.7,2.1,14.2,NA
4,Naji Marshall,28,SF,74,47,29.5,5.7,11.1,0.51,0.8,2.9,0.291,4.8,8.2,0.587,0.548,3.1,4.1,0.76,0.9,3.8,4.7,3.3,1.1,0.1,1.6,1.9,15.2,NA
5,Max Christie,22,SG,74,65,29.3,4.1,9.4,0.439,2.3,5.8,0.399,1.8,3.6,0.502,0.561,1.6,1.8,0.902,0.2,3.1,3.3,2,0.6,0.3,1.3,1.3,12.1,NA
6,Brandon Williams,26,PG,66,15,22.2,4.4,9.3,0.472,0.5,2.3,0.232,3.9,7,0.552,0.501,3.7,4.6,0.793,0.5,2.4,2.9,3.9,0.9,0.3,1.9,1.6,13,NA
7,Klay Thompson,35,SF,68,8,21.9,4.1,10.6,0.393,2.9,7.6,0.382,1.2,2.9,0.42,0.531,0.5,0.7,0.766,0.3,1.8,2.1,1.4,0.5,0.3,0.9,1,11.7,NA
8,Marvin Bagley III,26,PF,20,2,21.8,4.6,7.5,0.607,0.7,1.3,0.52,3.9,6.3,0.624,0.65,1.3,2.3,0.556,2.5,4.6,7.1,1.3,0.4,0.8,0.8,2.1,11,NA
9,Daniel Gafford,27,C,55,44,21.7,3.8,5.7,0.655,0,0,NA,3.8,5.7,0.655,0.655,2,2.9,0.683,2.5,4.4,6.9,1.1,0.8,1.3,1.1,2.6,9.5,NA
10,Khris Middleton,34,SF,26,13,21.7,3.5,8.6,0.402,1.2,3,0.38,2.3,5.6,0.414,0.469,2,2.3,0.898,0.8,2.7,3.5,2.3,0.6,0,1.8,2.1,10.1,NA
11,D'Angelo Russell,29,PG,26,3,19,3.6,8.9,0.405,1.3,4.3,0.295,2.3,4.6,0.508,0.476,1.7,2.3,0.717,0.3,2,2.3,4,0.5,0.1,1.9,1.2,10.2,NA
12,Ryan Nembhard,22,PG,57,24,18.8,2.6,6.3,0.412,0.8,2.2,0.359,1.8,4,0.441,0.476,0.4,0.5,0.769,0.2,1.9,2.1,4.9,0.4,0,1.4,1.4,6.3,NA
13,Tyus Jones,29,PG,8,2,16.6,1.6,4.3,0.382,0.5,2.4,0.211,1.1,1.9,0.6,0.441,0.1,0.3,0.5,0.1,1,1.1,3.8,0.4,0,0.6,0.6,3.9,NA
14,Dereck Lively II,21,C,7,4,16.4,1.6,2.6,0.611,0,0,NA,1.6,2.6,0.611,0.611,1.1,1.4,0.8,2,3.3,5.3,1.9,0.6,1.6,1.4,3,4.3,NA
15,John Poulakidas,22,SG,10,0,15.8,1.8,5,0.36,1.4,4.3,0.326,0.4,0.7,0.571,0.5,0.2,0.2,1,0.4,2.2,2.6,0.6,0.5,0.1,0.3,2,5.2,NA
16,Caleb Martin,30,SF,58,12,14.8,1.5,3.3,0.45,0.3,1,0.351,1.1,2.3,0.492,0.503,0.6,1.1,0.607,0.5,2,2.5,1.4,0.7,0.3,0.7,1.5,3.9,NA
17,Dwight Powell,34,C,60,11,14,1,1.5,0.659,0,0.1,0.333,1,1.4,0.671,0.665,1.3,1.9,0.696,1.5,2.4,3.9,1,0.5,0.3,0.6,2,3.3,NA
18,Moussa Cisse,23,C,35,1,12.8,1.5,2.6,0.589,0,0,NA,1.5,2.6,0.589,0.589,0.8,1.9,0.439,2,3.1,5.1,0.2,0.4,1.1,0.7,1.9,3.9,NA
19,Jaden Hardy,23,SG,34,4,12.6,2.3,5.7,0.402,1.4,3.6,0.371,0.9,2.1,0.457,0.521,0.9,1.2,0.775,0.3,1.1,1.4,0.9,0.3,0.1,0.8,1.1,6.9,NA
20,Jeremiah Robinson-Earl,25,PF,5,0,12.2,1.6,3.4,0.471,0.4,1.6,0.25,1.2,1.8,0.667,0.529,0.8,0.8,1,0.8,2.2,3,0.6,0.4,0,0.4,0.6,4.4,NA
21,Tyler Smith,21,PF,9,0,10.4,1.1,3.2,0.345,0.6,2.2,0.25,0.6,1,0.556,0.431,0.2,0.4,0.5,1,1.7,2.7,0.3,0.3,0,0.3,0.9,3,NA
22,Miles Kelly,23,PG,14,0,9.6,1.1,3.1,0.364,0.7,2.4,0.303,0.4,0.8,0.545,0.477,0.1,0.1,1,0.4,1.4,1.7,0.9,0.3,0.1,0.4,0.9,3.1,NA
23,AJ Johnson,21,SG,20,0,8.9,1,3.1,0.311,0.2,1.2,0.167,0.8,1.9,0.405,0.344,0.6,0.7,0.846,0.2,0.9,1.1,1,0.2,0.1,0.3,0.5,2.7,NA
NA,Team Totals,NA,,79,79,242.2,41.7,89.6,0.466,10.7,31.5,0.341,31,58.1,0.534,0.526,19.5,25.9,0.752,10.4,34.3,44.7,25.1,7.6,5.2,14.6,18.4,113.7,NA
1,Keegan Murray,25,PF,23,22,34.5,5.5,13,0.42,1.3,4.9,0.277,4.1,8.2,0.505,0.472,1.7,2.1,0.776,1.4,4.3,5.7,1.7,1,1.6,1.2,1.8,14,NA
2,Zach LaVine,30,SG,39,37,31.4,6.7,14,0.479,2.5,6.5,0.39,4.2,7.5,0.556,0.569,3.2,3.6,0.88,0.2,2.6,2.8,2.3,0.7,0.3,1.9,2.1,19.2,NA
3,DeMar DeRozan,36,PF,77,77,31.2,6.5,13.1,0.497,0.6,1.9,0.32,5.9,11.1,0.527,0.52,4.9,5.6,0.868,0.5,2.5,2.9,4.1,1,0.3,1.2,1.9,18.4,NA
4,Domantas Sabonis,29,C,19,15,29.7,6.3,11.6,0.543,0.3,1.4,0.185,6.1,10.2,0.593,0.554,2.9,4.1,0.727,3.4,8,11.4,4.1,0.9,0.2,2.7,3.5,15.8,NA
5,Russell Westbrook,37,SF,64,58,29,5.6,13.1,0.427,2,5.9,0.338,3.6,7.2,0.5,0.503,2,2.9,0.694,1.3,4.2,5.4,6.7,1.3,0.2,3.3,2.3,15.2,NA
6,Dennis Schröder,32,PG,40,14,26.4,4.3,10.6,0.408,1.4,4.2,0.343,2.9,6.4,0.449,0.475,2.7,3.3,0.82,0.6,2.5,3.1,5.3,0.8,0.2,2,1.7,12.8,NA
7,Maxime Raynaud,22,C,72,54,26.2,5.1,9,0.565,0.3,0.9,0.288,4.8,8.1,0.597,0.58,1.7,2.2,0.786,1.9,5.5,7.5,1.3,0.5,0.5,1.2,2.3,12.2,NA
8,Daeqwon Plowden,27,SG,30,5,26.2,3.7,8.6,0.43,1.9,5.8,0.335,1.8,2.8,0.624,0.543,1.2,1.4,0.837,1,1.9,2.9,1.2,0.7,0.2,0.7,2.4,10.5,NA
9,De'Andre Hunter,28,SF,2,2,25.5,2,9.5,0.211,1,4.5,0.222,1,5,0.2,0.263,2.5,3,0.833,0.5,1,1.5,0.5,0,0,2,2.5,7.5,NA
10,Nique Clifford,23,SG,73,26,24.7,3.2,7.8,0.411,1,3.1,0.335,2.2,4.7,0.461,0.477,0.8,1.2,0.69,0.9,2.8,3.7,2.3,0.9,0.3,1.5,2.1,8.2,NA
11,Precious Achiuwa,26,C,71,55,23.7,4.3,8,0.535,0.4,1.3,0.3,3.9,6.7,0.579,0.559,1,1.8,0.548,2.4,4.3,6.7,1.3,0.9,0.7,0.9,1.7,9.9,NA
12,Malik Monk,27,SG,61,3,22.2,4.5,10.3,0.436,2,5.1,0.39,2.5,5.2,0.481,0.533,1.5,1.8,0.879,0.2,1.7,1.9,3,0.6,0.4,1.5,1.6,12.5,NA
13,Dylan Cardwell,24,C,42,1,20.5,2.4,4,0.596,0,0,0.5,2.3,3.9,0.598,0.599,0.6,1.2,0.531,3.3,4.3,7.5,1.5,0.6,1.5,0.9,3.6,5.4,NA
14,DaQuan Jeffries,28,SG,3,0,20,3.7,6.3,0.579,1.3,3,0.444,2.3,3.3,0.7,0.684,1.7,1.7,1,1,0.7,1.7,0.3,0.7,0,0,3,10.3,NA
15,Keon Ellis,26,SG,43,5,17.6,1.9,4.9,0.397,1.2,3.3,0.368,0.7,1.5,0.462,0.524,0.5,0.7,0.625,0.3,0.9,1.3,0.6,1.1,0.5,0.5,1.6,5.6,NA
16,Devin Carter,23,PG,36,10,17.5,3,7.2,0.412,0.7,2.8,0.24,2.3,4.4,0.519,0.458,1.8,2.4,0.753,0.8,2.3,3.1,2.5,0.8,0.2,1.3,1.3,8.4,NA
17,Killian Hayes,24,PG,21,3,17.2,1.9,6,0.307,0.8,2.9,0.267,1.1,3.2,0.343,0.37,0.9,1,0.9,0.2,2.2,2.4,3.6,0.9,0.2,1.3,1.5,5.3,NA
18,Doug McDermott,34,SF,27,0,14.8,1.9,4.8,0.403,1.7,4.3,0.397,0.2,0.5,0.462,0.581,0.1,0.1,1,0.3,1,1.2,0.8,0.2,0.1,0.4,0.8,5.7,NA
19,Patrick Baldwin Jr.,23,SF,6,1,14.7,1.3,3.8,0.348,0.7,1.8,0.364,0.7,2,0.333,0.435,0.5,0.8,0.6,2,1.5,3.5,0.8,0.5,0.8,0.7,2.2,3.8,NA
20,Isaiah Stevens,25,PG,3,0,14.3,1,2.3,0.429,0,0.3,0,1,2,0.5,0.429,1.3,1.3,1,0.7,0.3,1,3.3,1.7,0,0.7,0.7,3.3,NA
21,Drew Eubanks,28,C,42,11,13.1,2.2,3.7,0.596,0,0.2,0.143,2.2,3.5,0.617,0.599,0.8,1.4,0.561,0.9,2.1,3,0.5,0.4,0.6,0.7,1.4,5.2,NA
22,Dario Šarić,31,C,5,0,8.2,0.2,1.2,0.167,0.2,0.6,0.333,0,0.6,0,0.25,0.4,0.4,1,0.2,1,1.2,0.4,0,0,0.4,0.6,1,NA
23,Isaac Jones,25,PF,3,1,5.7,0.3,0.7,0.5,0,0.3,0,0.3,0.3,1,0.5,0.3,0.7,0.5,0.7,0,0.7,0.3,0,0,0,1.3,1,NA
NA,Team Totals,NA,,80,80,240.9,41.6,89.1,0.467,10.2,30.1,0.34,31.4,59,0.532,0.524,17.4,22.6,0.773,11.4,30.7,42.1,25.6,8,4.5,14.3,19.7,110.9,NA
1,Lauri Markkanen,28,PF,42,42,34.4,9.1,19.2,0.477,2.7,7.7,0.355,6.4,11.5,0.559,0.548,5.7,6.4,0.896,2,4.9,6.9,2.1,1,0.5,1.5,1.8,26.7,NA
2,Andersson Garcia,25,SF,5,2,33.8,1.8,5.8,0.31,0.2,2.6,0.077,1.6,3.2,0.5,0.328,1.4,1.8,0.778,3.4,5,8.4,2.8,1.6,0.8,1.4,3.2,5.2,NA
3,Keyonte George,22,PG,54,54,33.1,7.4,16.3,0.456,2.5,6.7,0.371,5,9.6,0.515,0.532,6.2,7,0.892,0.4,3.3,3.7,6.1,1.1,0.3,3.1,2.2,23.6,NA
4,Kennedy Chandler,23,PG,10,1,31.4,5,11.7,0.427,1.1,3.1,0.355,3.9,8.6,0.453,0.474,2.8,3.9,0.718,0.6,2.6,3.2,6.4,0.9,0.2,1.9,2.1,13.9,NA
5,Bez Mbeng,22,SG,13,4,31.2,2.5,5.5,0.465,0.3,1.8,0.167,2.2,3.6,0.617,0.493,0.8,1.3,0.647,1.1,2.2,3.2,3.2,2,0.4,1.3,3.3,6.2,NA
6,Walker Kessler,24,C,5,5,30.8,5.2,7.4,0.703,1.2,1.6,0.75,4,5.8,0.69,0.784,2.8,4,0.7,4.6,6.2,10.8,3,1.4,1.8,3.2,4.4,14.4,NA
7,Ace Bailey,19,SF,70,59,27.6,5.4,12.2,0.444,1.9,5.5,0.348,3.5,6.7,0.521,0.522,0.9,1.2,0.767,1.4,2.7,4.1,1.8,0.8,0.7,1.4,2.7,13.6,NA
8,Jusuf Nurkić,31,C,41,36,26.4,4.4,8.7,0.503,0.6,1.7,0.352,3.8,7,0.54,0.538,1.5,2.8,0.549,2.6,7.8,10.4,4.8,1.3,0.5,2.5,3.3,10.9,NA
9,Isaiah Collier,21,PG,59,19,25.7,4.3,8.7,0.495,0.5,1.7,0.27,3.9,7,0.549,0.521,2.6,3.5,0.722,0.4,2.2,2.5,7.2,1.1,0.3,2.5,2.3,11.7,NA
10,John Konchar,29,SG,24,7,25.7,2.1,4.8,0.44,0.6,2.3,0.255,1.5,2.5,0.607,0.5,0.9,1.2,0.759,2.1,3.3,5.4,2.8,1.8,0.9,0.7,1.8,5.8,NA
11,Jaren Jackson Jr.,26,C,3,3,24,8,16.3,0.49,1.7,5,0.333,6.3,11.3,0.559,0.541,4.7,5.3,0.875,0.3,4,4.3,2.7,2,0.3,2.3,3,22.3,NA
12,Cody Williams,21,SG,65,39,24,3.5,7.4,0.475,0.4,1.9,0.211,3.1,5.5,0.566,0.502,1.2,1.7,0.708,0.9,2,3,1.9,0.8,0.4,1.1,1.8,8.6,NA
13,Brice Sensabaugh,22,SF,74,22,23.6,5.3,11.4,0.46,2.1,5.9,0.366,3.1,5.6,0.559,0.554,2.2,2.6,0.831,0.8,2.3,3.1,1.9,0.7,0.2,1.6,1.9,14.9,NA
14,Kyle Filipowski,22,C,77,41,23.4,4.2,8.5,0.492,1,3,0.325,3.2,5.6,0.58,0.548,2.1,2.8,0.75,1.9,5.3,7.2,2.6,0.9,0.5,1.6,3,11.4,NA
15,Svi Mykhailiuk,28,SF,50,41,23.1,3.5,7.2,0.478,2,4.8,0.408,1.5,2.4,0.615,0.613,0.5,0.6,0.893,0.7,1.8,2.5,1.9,0.5,0.1,0.8,1.3,9.4,NA
16,Elijah Harkless,25,SG,26,9,21,2.1,6.2,0.335,0.8,3.4,0.239,1.3,2.8,0.452,0.401,1.9,2.5,0.766,0.4,1.7,2,2.9,1.2,0.2,1,2,6.8,NA
17,Kyle Anderson,32,SF,20,0,20.1,2.9,5.5,0.523,0.2,0.3,0.6,2.7,5.2,0.519,0.537,1.3,1.9,0.658,1,2.4,3.3,3.1,1.2,0.5,0.9,2.3,7.1,NA
18,Mo Bamba,27,C,2,0,19,2.5,4.5,0.556,0,0,NA,2.5,4.5,0.556,0.556,0,0,NA,4.5,5.5,10,0.5,0,1,1,2,5,NA
19,Blake Hinson,26,SF,12,1,18.8,3.6,7,0.512,2.6,5.2,0.5,1,1.8,0.545,0.696,0.8,1.2,0.714,0.7,1.4,2.1,1,0.2,0.2,0.3,1.8,10.6,NA
20,Walter Clayton,22,PG,45,0,18,2.3,5.7,0.398,1,3.2,0.308,1.3,2.5,0.513,0.484,1.3,1.4,0.935,0.3,1.6,2,3.2,0.5,0.3,1.3,1.7,6.8,NA
21,Kevin Love,37,PF,37,5,16.6,2.1,5.4,0.397,1.4,3.8,0.373,0.7,1.5,0.456,0.53,1,1.2,0.841,1.5,4.3,5.8,1.8,0.4,0.2,0.8,1.5,6.7,NA
22,Oscar Tshiebwe,26,C,25,4,15.5,2.9,4.7,0.624,0,0,NA,2.9,4.7,0.624,0.624,0.8,1.5,0.541,2.6,3,5.6,1,0.6,0.1,0.7,1.4,6.6,NA
23,Taylor Hendricks,22,PF,33,6,14.9,1.8,3.9,0.453,0.7,2.1,0.343,1,1.8,0.586,0.547,0.7,1,0.719,0.9,2.1,3,0.7,0.4,0.2,0.6,1.2,4.9,NA
24,Vince Williams Jr.,25,SG,6,0,14,1.7,4.7,0.357,1,3,0.333,0.7,1.7,0.4,0.464,0.3,0.7,0.5,0.8,2.3,3.2,2.7,0.3,0.3,1.2,1.5,4.7,NA
NA,Team Totals,NA,,80,80,241.9,42.3,90.8,0.466,12.7,36.7,0.345,29.7,54.1,0.548,0.536,20,25.3,0.79,11.9,31.7,43.6,29.5,8.8,3.8,15.5,21.4,117.4,NA
