team	name	age	positions	roster_status	contract	expiry
PHI	Joel Embiid	32	C	active	2026:57985752;2027:62624612;2028:P67263473	UFA
PHI	Jaylen Brown	29	SG,SF	active	2026:57736350;2027:61672814;2028:65609278	UFA
PHI	Tyrese Maxey	25	PG,SG	active	2026:40770520;2027:43582280;2028:46394040	UFA
PHI	VJ Edgecombe	21	SG,SF	active	2026:11663880;2027:T12219840;2028:T15445878	RFA
PHI	Dean Wade	29	PF	active	2026:9000000;2027:9450000;2028:9900000;2029:10350000	UFA
PHI	Anfernee Simons	27	SG	active	2026:6000000;2027:P6300000	UFA
PHI	LeBron James	41	PF,PG,SF,SG	active	2026:3876528;2027:P4070355	UFA
PHI	Labaron Philon	20	PG	active	2026:3597120;2027:3776760;2028:T3956760;2029:T6508870	RFA
PHI	Dominick Barlow	23	PF,C	active	2026:T3415000	UFA
PHI	Ariel Hukporti	24	C	active	2026:3400000	RFA
PHI	Jabari Walker	24	PF	active	2026:2584539	UFA
PHI	Kentavious Caldwell-Pope	33	SG	active	2026:2449421	UFA
PHI	Justin Edwards	22	SF,SG	active	2026:2411090;2027:T2616754	UFA
PHI	Adem Bona	23	PF,C	active	2026:2296271;2027:T2486995	RFA
NYK	Karl-Anthony Towns	30	PF,C	active	2026:57078728;2027:P61015192	UFA
NYK	OG Anunoby	29	SF	active	2026:42500000;2027:45431034;2028:P48362068	UFA
NYK	Jalen Brunson	29	PG	active	2026:37739521;2027:40535041;2028:P43330561	UFA
NYK	Mikal Bridges	29	SG,SF	active	2026:33482145;2027:36160714;2028:38839285;2029:P41517856	UFA
NYK	Josh Hart	31	SF,SG	active	2026:20923760;2027:T22375280	UFA
NYK	Landry Shamet	29	SG	active	2026:5490967;2027:5737500;2028:6162500;2029:P6587500	UFA
NYK	Jose Alvarado	28	PG	active	2026:4439656;2027:4794828;2028:5150000	UFA
NYK	Miles McBride	25	PG	active	2026:3956523	UFA
NYK	Pacôme Dadiet	21	PF	active	2026:T2983680;2027:T5373608	RFA
NYK	Mohamed Diawara	21	PF,SF	active	2026:2622139;2027:2753246;2028:2884353;2029:T3019000	UFA
NYK	Jordan Clarkson	34	PG,SG	active	2026:2449421	UFA
NYK	Andre Drummond	33	C	active	2026:2449421	UFA
NYK	Tyler Kolek	25	PG	active	2026:2296271;2027:T2486995	RFA
TOR	Scottie Barnes	25	SG,PF	active	2026:41754690;2027:44847630;2028:47940570;2029:51033510	UFA
TOR	Brandon Ingram	28	PF,SF	active	2026:40000000;2027:P41904762	UFA
TOR	Immanuel Quickley	27	PG	active	2026:32500000;2027:32500000;2028:32500000	UFA
TOR	RJ Barrett	26	SG	active	2026:29616071	UFA
TOR	Jakob Poeltl	30	C	active	2026:P19500000;2027:27300000;2028:29484000;2029:27300000	UFA
TOR	Gradey Dick	22	SG,SF	active	2026:T7131510	RFA
TOR	Collin Murray-Boyles	21	PF	active	2026:6649560;2027:T6966000;2028:T8874684	RFA
TOR	Allen Graves	20	PF	active	2026:4065720;2027:4268880;2028:4472640;2029:6887866	RFA
TOR	Ja'Kobe Walter	21	SG	active	2026:T3811800;2027:T5870172	RFA
TOR	Andre Jackson Jr.	24	SG,PG,SF	active	2026:2449421	RFA
TOR	Kyle Anderson	32	SF,PF	active	2026:2449421	UFA
TOR	Trayce Jackson-Davis	26	PF,C	active	2026:T2406205	UFA
TOR	Jamison Battle	25	SF	active	2026:2296271	RFA
TOR	Jamal Shead	24	PG	active	2026:T2296271	RFA
TOR	Alijah Martin	24	PG	active	2026:2185116;2027:2571895	RFA
CLE	Donovan Mitchell	29	SG	active	2026:50105628;2027:60937500;2028:65812500;2029:70687500;2030:P75562500	UFA
CLE	Evan Mobley	25	PF,C	active	2026:50105628;2027:53817156;2028:57528684;2029:61240212	UFA
CLE	Jarrett Allen	28	C	active	2026:28000000;2027:30240000;2028:32480000	UFA
CLE	Max Strus	30	SG,SF	active	2026:16660836	UFA
CLE	Sam Merrill	30	SG	active	2026:9160715;2027:9839285;2028:10517856	UFA
CLE	Tre Mann	25	PG	active	2026:8000000;2027:T8000000	UFA
CLE	Jaylon Tyson	23	SF	active	2026:T3658560;2027:T5641500	RFA
CLE	Thomas Bryant	29	C	active	2026:2449421	UFA
CLE	Mario Hezonja	31	PF,SF	active	2026:2449421	UFA
CLE	Nae'Qwan Tomlin	25	SF,PF	active	2026:2411090	RFA
CLE	Craig Porter Jr.	26	PG	active	2026:T2406205	UFA
CLE	Tyrese Proctor	22	PG	active	2026:2150917;2027:2525901;2028:T2735698	UFA
CLE	Meleek Thomas	20	SG,PG	active	2026:1357763;2027:2294370;2028:2694363;2029:T2918152	RFA
DET	Cade Cunningham	24	PG	active	2026:50105628;2027:53817156;2028:57528684;2029:61240212	UFA
DET	John Collins	28	PF	active	2026:17000000;2027:17000000;2028:17000000	UFA
DET	Duncan Robinson	32	PF,SF	active	2026:15992957;2027:15151222	UFA
DET	Isaiah Joe	27	SG	active	2026:11323006;2027:T11323006	UFA
DET	Ausar Thompson	23	SG,SF	active	2026:T11117925	RFA
DET	Kevin Huerter	27	SG	active	2026:9507042;2027:8746479;2028:T8746479	UFA
DET	Ron Holland II	21	SF,PF	active	2026:T9069600;2027:T11491183	RFA
DET	Paul Reed	27	C,PF	active	2026:5602689	UFA
DET	Ebuka Okorie	19	PG	active	2026:4481280;2027:4705440;2028:T4929360;2029:T7571497	RFA
DET	Daniss Jenkins	25	PG	active	2026:T4000000	RFA
DET	Javonte Green	33	SF	active	2026:3943679	UFA
DET	Gary Harris	31	SG	active	2026:P3815861	UFA
DET	Taurean Prince	32	SF	active	2026:P3815861	UFA
DET	Tolu Smith III	26	PF	active	2026:T2411090	RFA
DET	Chaz Lanier	24	SG	active	2026:2150917;2027:2525901;2028:T2735698	RFA
DET	Jalen Duren	22	C	active	2026:PENDING	RFA
IND	Pascal Siakam	32	PF	active	2026:48924624;2027:52298736	UFA
IND	Ivica Zubac	29	C	active	2026:20342140;2027:21790300	UFA
IND	Andrew Nembhard	26	PG	active	2026:19550160;2027:20998320	UFA
IND	Obi Toppin	28	PF	active	2026:15000000;2027:16025000	UFA
IND	T.J. McConnell	34	PG	active	2026:11000000;2027:11800000;2028:T11800000	UFA
IND	Aaron Nesmith	26	SF	active	2026:11000000;2027:19418000;2028:20971440	UFA
IND	Jarace Walker	22	PF,SF	active	2026:T8478541	RFA
IND	Kelly Oubre Jr.	30	SF	active	2026:8050000;2027:8450000	UFA
IND	Ben Sheppard	25	SG	active	2026:T5031668	RFA
IND	Jay Huff	27	C	active	2026:2667944;2027:T3005085	UFA
IND	Quenton Jackson	27	SG,PG	active	2026:2584539;2027:2934742	UFA
IND	Larry Nance Jr.	33	C,PF	active	2026:2449421	UFA
IND	Johnny Furphy	21	SG,SF	active	2026:2296271;2027:T2486995	RFA
IND	Tyrese Haliburton	26	PG	disabled	2026:48924624;2027:52298736;2028:55672848	UFA
MIL	Tyler Herro	26	SG	active	2026:33000000	UFA
MIL	Myles Turner	30	C	active	2026:26584164;2027:27850077;2028:P29115990	UFA
MIL	Kyle Kuzma	31	PF	active	2026:20490152	UFA
MIL	Gary Trent Jr.	27	SG	active	2026:15200000;2027:16400000;2028:16400000;2029:16000000	UFA
MIL	Caris LeVert	31	SF,SG	active	2026:14809200	UFA
MIL	AJ Green	26	SG,SF	active	2026:10044644;2027:10848215;2028:11651786;2029:12455355	UFA
MIL	Brayden Burries	20	SG	active	2026:6417360;2027:6738000;2028:T7058520;2029:T8999613	RFA
MIL	Jaime Jaquez Jr.	25	SF,SG	active	2026:T5939141	RFA
MIL	Ousmane Dieng	23	PF	active	2026:5750000;2027:5750000;2028:T5750000	UFA
MIL	Nate Ament	19	SF,SG	active	2026:5502000;2027:5777280;2028:T6052200;2029:T8648594	RFA
MIL	Kevin Porter Jr.	26	PG,SG	active	2026:P5390700	UFA
MIL	Kel'el Ware	22	C	active	2026:T4654920;2027:T7135992	RFA
MIL	Ryan Rollins	23	SG	active	2026:4000000;2027:P4000000	UFA
MIL	Kasparas Jakucionis	20	PG,SG	active	2026:3841680;2027:T4024440;2028:T6205686	RFA
MIL	Jericho Sims	27	PF	active	2026:P2801346	UFA
MIL	Pete Nance	26	PF,C	active	2026:2537526;2027:T2756912	UFA
MIL	Bogoljub Marković	21	PF	active	2026:1357763;2027:2294370;2028:2694363;2029:T2918152	RFA
MIA	Giannis Antetokounmpo	31	PF,C,SF,SG	active	2026:58456566;2027:P62786682	UFA
MIA	Bam Adebayo	29	C,PF	active	2026:49488300;2027:53447364;2028:P57406428	UFA
MIA	Andrew Wiggins	31	SF,SG	active	2026:P30169644;2027:16510000;2028:P17320356	UFA
MIA	Nikola Jovic	23	SF,SG	active	2026:16200000;2027:14904000;2028:15096000;2029:16200000	UFA
MIA	Bobby Portis	31	C,PF	active	2026:14521414;2027:P15597074	UFA
MIA	Davion Mitchell	27	PG	active	2026:12400000	UFA
MIA	Tim Hardaway Jr.	34	SG,SF	active	2026:6065000	UFA
MIA	Dru Smith	28	PG	active	2026:2584539;2027:T2934742	UFA
MIA	Simone Fontecchio	30	SF	active	2026:2449421	UFA
MIA	Pelle Larsson	25	SG,SF	active	2026:T2296271	RFA
MIA	Myron Gardner	25	SG	active	2026:2150917;2027:2525901	RFA
MIA	Ryan Conwell	22	PG,SG	active	2026:1357763;2027:2294370;2028:T2694363	RFA
ORL	Franz Wagner	24	SF	active	2026:41754690;2027:44847630;2028:47940570;2029:51033510	UFA
ORL	Paolo Banchero	23	PF	active	2026:41240250;2027:44539470;2028:47838690;2029:51137910;2030:P54437130	UFA
ORL	Desmond Bane	28	SG,SF	active	2026:39446090;2027:42166510;2028:44886930	UFA
ORL	Jalen Suggs	25	PG	active	2026:32400000;2027:29600000;2028:26800000;2029:26700000	UFA
ORL	Wendell Carter Jr.	27	C	active	2026:18102000;2027:19550160;2028:T20998320	UFA
ORL	Anthony Black	22	SG,PG	active	2026:T10106316	RFA
ORL	Goga Bitadze	27	C	active	2026:7608696	UFA
ORL	Tristan Da Silva	25	PF	active	2026:T3991200;2027:T6138466	RFA
ORL	Jase Richardson	20	SG	active	2026:3132360;2027:T3282000;2028:T5910882	RFA
ORL	Jamal Cain	27	SF	active	2026:T2584539	UFA
ORL	Jevon Carter	30	PG	active	2026:2449421	UFA
ORL	Jonathan Isaac	28	PF,SF	active	2026:2449421	UFA
ORL	Nikola Vucevic	35	C	active	2026:2449421	UFA
ORL	Noah Penda	21	SF,PF	active	2026:2150917;2027:2525901;2028:T2735698	RFA
GSW	Stephen Curry	38	PG	active	2026:62587158	UFA
GSW	Jimmy Butler	36	SF,SG	active	2026:56832773	UFA
GSW	Draymond Green	36	PF,SF	active	2026:27678571	UFA
GSW	Kristaps Porzingis	31	PF	active	2026:20000000;2027:P20000000	UFA
GSW	Moses Moody	24	SG	active	2026:12500000;2027:13425925	UFA
GSW	Al Horford	40	C,PF	active	2026:6822000;2027:P7163100	UFA
GSW	Yaxel Lendeborg	23	SF,PF	active	2026:6096240;2027:6401280;2028:T6706200;2029:T8899127	RFA
GSW	De'Anthony Melton	28	PG	active	2026:6064000;2027:P6367200	UFA
GSW	Brandin Podziemski	23	SG	active	2026:T5679458	RFA
GSW	Gui Santos	24	SF	active	2026:4629630;2027:5000000;2028:P5370370	UFA
GSW	Charles Bassey	25	C	active	2026:2449421	UFA
GSW	Gary Payton II	33	PG	active	2026:2449421	UFA
GSW	Will Richard	23	PG	active	2026:2150917;2027:2525901;2028:T2735698	RFA
LAC	Kawhi Leonard	35	SF	active	2026:50300000	UFA
LAC	Darius Garland	26	PG	active	2026:42166510;2027:44886930	UFA
LAC	Rui Hachimura	28	PF	active	2026:14000000;2027:T14000000	UFA
LAC	Derrick Jones Jr.	29	PF,SF	active	2026:10476190	UFA
LAC	Keaton Wagler	19	SG,PG	active	2026:9674760;2027:10158240;2028:T10641960;2029:T13483363	RFA
LAC	Brook Lopez	38	C	active	2026:T9187500	UFA
LAC	Isaiah Jackson	24	C	active	2026:7000000;2027:6400000	UFA
LAC	Kris Dunn	32	PG	active	2026:5684800	UFA
LAC	Jordan Miller	26	SF	active	2026:5300000;2027:5000000;2028:T5000000	UFA
LAC	Yanic Niederhauser	23	C	active	2026:2880960;2027:T3018480;2028:T5448356	RFA
LAC	Kobe Sanders	24	SG,SF	active	2026:2622139;2027:2753246;2028:2884353;2029:T3019000	UFA
LAC	Cameron Christie	21	PG	active	2026:2296271;2027:T2486995	RFA
LAC	Johni Broome	24	PF,C	active	2026:2150917;2027:2525901;2028:T2735698	RFA
LAC	Baba Miller	22	C	active	2026:1705630;2027:2294370;2028:2694363;2029:T2918152	RFA
LAC	Bennedict Mathurin	23	SG,SF	active	2026:PENDING	RFA
LAC	Bradley Beal	33	SG	disabled	2026:6424800;2027:P6746040	UFA
PHX	Devin Booker	29	SG	active	2026:57078728;2027:61015192;2028:70077350;2029:P75683538	UFA
PHX	Jalen Green	24	SG	active	2026:36251166;2027:P36000000	UFA
PHX	Miles Bridges	28	SF,PF	active	2026:22826087	UFA
PHX	Dillon Brooks	30	SF,SG	active	2026:20992727;2027:22530864;2028:24333333;2029:26135802	UFA
PHX	Mark Williams	24	PF,C	active	2026:11728395;2027:12666667;2028:13604938	UFA
PHX	Collin Gillespie	27	PG	active	2026:10714286;2027:11571429;2028:12428571;2029:13285714	UFA
PHX	Khaman Maluach	19	C	active	2026:6316680;2027:T6617160;2028:T8436879	RFA
PHX	Luke Kennard	30	SG	active	2026:6064000;2027:P6367200	UFA
PHX	Jordan Goodwin	27	SG	active	2026:5864198;2027:6333333;2028:P6802469	UFA
PHX	Koa Peat	19	PF	active	2026:2926800;2027:3073080;2028:T3219840;2029:T5811811	RFA
PHX	Ryan Dunn	23	SF,PF	active	2026:T2784240;2027:T5025553	RFA
PHX	Jamaree Bouyea	27	PG,SG	active	2026:T2584539	UFA
PHX	Haywood Highsmith	29	SF	active	2026:2449421	UFA
PHX	Oso Ighodaro	24	PF	active	2026:2296271;2027:T2486995	RFA
PHX	Rasheer Fleming	22	PF	active	2026:2150917;2027:2525901;2028:T2735698	RFA
SAC	Zach LaVine	31	SG	active	2026:P48967380	UFA
SAC	Domantas Sabonis	30	C,PF	active	2026:45472000;2027:48608000	UFA
SAC	De'Andre Hunter	28	SF	active	2026:24910714	UFA
SAC	Keegan Murray	26	PF	active	2026:24137936;2027:26068965;2028:27999999;2029:29931033;2030:31862067	UFA
SAC	Malik Monk	28	SG	active	2026:20190035;2027:P21582451	UFA
SAC	Darius Acuff	19	PG	active	2026:8021640;2027:8422920;2028:T8823600;2029:T11205972	RFA
SAC	Precious Achiuwa	26	PF	active	2026:5477000;2027:5750850	UFA
SAC	Nique Clifford	24	SF	active	2026:3263400;2027:T3418800;2028:T5979481	RFA
SAC	Alex Karaban	23	SF,PF	active	2026:2948280;2027:3095640;2028:T3243120;2029:T5853832	RFA
SAC	Maxime Raynaud	23	C	active	2026:2150917;2027:T2525901	RFA
SAC	Dylan Cardwell	24	PF	active	2026:2150917;2027:2525901;2028:T2735698	UFA
SAC	Emanuel Sharp	22	PG	active	2026:1357763;2027:2294370;2028:T2694363	RFA
DAL	Kyrie Irving	34	PG,SG	active	2026:39491282;2027:P42416562	UFA
DAL	PJ Washington	27	PF	active	2026:19813044;2027:21398087;2028:22983131;2029:24568174	UFA
DAL	Klay Thompson	36	SG	active	2026:17460317	UFA
DAL	Daniel Gafford	27	C	active	2026:17263584;2027:18126763;2028:18989942	UFA
DAL	Santi Aldama	25	PF	active	2026:17007043;2027:T17007043	UFA
DAL	Cooper Flagg	19	PF	active	2026:14517480;2027:T15208680;2028:T19178145	RFA
DAL	Zaccharie Risacher	21	SF	active	2026:T13826040;2027:T17434636	RFA
DAL	Caleb Martin	30	SF	active	2026:10001494;2027:P9371351	UFA
DAL	Naji Marshall	28	SF	active	2026:9428571;2027:18195600;2028:17323584;2029:16680816	UFA
DAL	Max Christie	23	SG	active	2026:8285714;2027:P8857143	UFA
DAL	Morez Johnson	20	PF,C	active	2026:6754800;2027:7093080;2028:T7430640;2029:T9466635	RFA
DAL	Marcus Sasser	25	SG,PG	active	2026:T5198983	RFA
DAL	Sergio De Larrea	20	PG	active	2026:3182280;2027:3341280;2028:T3500880;2029:T6305085	RFA
DAL	Tarik Biberovic	25	SF,SG	active	2026:3000000;2027:T3000000	RFA
DAL	Moussa Cissé	23	PF,C	active	2026:2185116;2027:2571895	RFA
DAL	Dereck Lively II	22	C	disabled	2026:T7239130	RFA
HOU	Kevin Durant	37	PF,SF,SG	active	2026:43902439;2027:P46097561	UFA
HOU	Alperen Sengun	24	C,PF	active	2026:35642202;2027:37339450;2028:39036697;2029:P39036697	UFA
HOU	Jabari Smith Jr.	23	PF	active	2026:23643411;2027:21751940;2028:23643411;2029:25534883;2030:27426355	UFA
HOU	Tari Eason	25	PF	active	2026:14053356;2027:15117624;2028:16301892;2029:17426160;2030:P18550428	UFA
HOU	Steven Adams	33	C	active	2026:13000000;2027:11869566	UFA
HOU	Amen Thompson	23	PG	active	2026:T12258609	RFA
HOU	Reed Sheppard	22	SG,PG	active	2026:T11108880;2027:T14041624	RFA
HOU	Clint Capela	32	C	active	2026:7035000;2027:7370000	UFA
HOU	Marcus Smart	32	PG,SG	active	2026:6064000;2027:P6367200	UFA
HOU	Bogdan Bogdanovic	34	SG	active	2026:2449421	UFA
HOU	Isaiah Crawford	24	SF	active	2026:2449421;2027:2664401;2028:2888193;2029:T3272766	UFA
HOU	Jae'Sean Tate	30	SF	active	2026:2449421	UFA
HOU	Bruce Thornton	22	PG	active	2026:1357763;2027:2294370;2028:2694363;2029:T2918152	RFA
HOU	Fred VanVleet	32	PG	disabled	2026:P25000000	UFA
MEM	Jerami Grant	32	PF,SF	active	2026:34206898;2027:P36413790	UFA
MEM	Isaiah Stewart	25	PF,C	active	2026:15000000;2027:T15000000	UFA
MEM	Cameron Boozer	19	PF	active	2026:11849760;2027:12441840;2028:T13034880;2029:T16476088	RFA
MEM	Ty Jerome	29	SG,PG	active	2026:9220050;2027:P9659100	UFA
MEM	Quinten Post	26	C,PF	active	2026:9000000;2027:8550000;2028:T8550000	UFA
MEM	Taylor Hendricks	22	PF,C	active	2026:T7805900	RFA
MEM	Zach Edey	24	C	active	2026:T6332760;2027:T8067936	RFA
MEM	Cedric Coward	22	SG,SF	active	2026:6001080;2027:T6286920;2028:T8342743	RFA
MEM	D'Angelo Russell	30	PG	active	2026:P5969250	UFA
MEM	Kris Murray	26	PF,SF	active	2026:T5315004	RFA
MEM	Walter Clayton Jr.	23	PG,SG	active	2026:4190520;2027:4390320;2028:6752312	RFA
MEM	Taj Gibson	41	C,PF	active	2026:3815861	UFA
MEM	Karim Lopez	19	PF,SF	active	2026:3746760;2027:3934320;2028:T4121760;2029:T6565964	RFA
MEM	AJ Johnson	21	PG	active	2026:T3237120;2027:T5493393	RFA
MEM	Olivier-Maxence Prosper	24	SF,PF	active	2026:T2497812	UFA
MEM	Scotty Pippen Jr.	23	PG,SG	active	2026:2461462;2027:T2789215	UFA
MEM	Cam Spencer	26	PG,SG	active	2026:2411090;2027:2616754;2028:T2830685	RFA
MEM	GG Jackson II	21	PF,C	active	2026:T2406205	RFA
MEM	Jaylen Wells	22	SF	active	2026:2296271;2027:T2486995	RFA
NOP	Zion Williamson	26	PF	active	2026:42166510;2027:44886930	UFA
NOP	Jordan Poole	27	SG	active	2026:34044642	UFA
NOP	Dejounte Murray	29	SG,PG	active	2026:32785071;2027:P30751504	UFA
NOP	Trey Murphy III	26	SF,SG	active	2026:27000000;2027:29000000;2028:31000000	UFA
NOP	Herbert Jones	27	SG,SF	active	2026:14898786;2027:20858300;2028:22526964;2029:P24195628	UFA
NOP	Jeremiah Fears	19	PG	active	2026:7896240;2027:T8271960;2028:T10505389	RFA
NOP	Jordan Hawkins	24	SG	active	2026:T7021895	RFA
NOP	Saddiq Bey	27	PF,SF	active	2026:6557080	UFA
NOP	Derik Queen	21	PF,C	active	2026:5416080;2027:T5673840;2028:T8107917	RFA
NOP	DeAndre Jordan	38	C	active	2026:3876529;2027:4070355	UFA
NOP	Yves Missi	22	C	active	2026:T3512760;2027:T5595827	RFA
NOP	Bryce McGowens	23	SG	active	2026:2584539;2027:T2934742	UFA
NOP	Caleb Houstan	23	SF,SG	active	2026:2449421	UFA
NOP	Trendon Watford	25	SF,PF	active	2026:2449421	UFA
NOP	Karlo Matkovic	25	PF,C	active	2026:T2296271	RFA
NOP	Micah Peavy	25	SG	active	2026:2150917;2027:2525901;2028:T2735698	RFA
SAS	De'Aaron Fox	28	PG	active	2026:49488300;2027:53447364;2028:57406428;2029:61365492	UFA
SAS	Devin Vassell	25	SG	active	2026:27500000;2027:25108696;2028:27500000	UFA
SAS	Keldon Johnson	26	SF	active	2026:18000000	UFA
SAS	Victor Wembanyama	22	PF,C	active	2026:T16868246;2027:43500000;2028:46980000;2029:50460000;2030:53940000;2031:P57420000	UFA
SAS	Julian Champagnie	25	SG,SF	active	2026:15350000;2027:15000000;2028:14650000	UFA
SAS	Tobias Harris	34	PF,SF	active	2026:15044000;2027:15796200	UFA
SAS	Dylan Harper	20	PG,SG	active	2026:12989040;2027:T13607760;2028:T17172993	RFA
SAS	Luke Kornet	31	C,PF	active	2026:10450000;2027:9900000;2028:9350000	UFA
SAS	Stephon Castle	21	PG,SG	active	2026:T10015920;2027:T12670139	RFA
SAS	Harrison Barnes	34	PF,SF	active	2026:8000000	UFA
SAS	Carter Bryant	20	SF	active	2026:5145360;2027:T5390640;2028:T7983538	RFA
SAS	Jayden Quaintance	19	PF,C	active	2026:3902760;2027:4097880;2028:T4292880;2029:T6619621	RFA
SAS	Tarris Reed Jr.	23	PF,C	active	2026:3076920;2027:3230520;2028:T3384480;2029:T6102217	RFA
SAS	Jordan McLaughlin	30	PG	active	2026:2449421	UFA
DEN	Nikola Jokic	31	C	active	2026:59033114;2027:P62841702	UFA
DEN	Jamal Murray	29	PG,SG	active	2026:50105628;2027:53817156;2028:57528684	UFA
DEN	Aaron Gordon	30	PF,SF	active	2026:31978037;2027:34536280;2028:P37094523	UFA
DEN	Cameron Johnson	30	SF,PF	active	2026:23062500	UFA
DEN	Christian Braun	25	SG	active	2026:21551726;2027:23275863;2028:25000000;2029:26724137;2030:28448274	UFA
DEN	Zeke Nnaji	25	PF	active	2026:7466667;2027:P7466667	UFA
DEN	Spencer Jones	25	PF	active	2026:6000000;2027:5750000	UFA
DEN	Julian Strawther	24	SF	active	2026:T4826931	RFA
DEN	DaRon Holmes	24	PF	active	2026:T3372120;2027:T5547137	RFA
DEN	Marvin Bagley III	27	PF	active	2026:2449421	UFA
DEN	Tyus Jones	30	PG	active	2026:2449421	UFA
DEN	Trevon Brazile	23	PF	active	2026:1357763;2027:2294370;2028:2694363;2029:T2918152	RFA
DEN	Alpha Diallo	29	SF	active	2026:1357763	RFA
DEN	Peyton Watson	23	SG,SF,PF	active	2026:PENDING	RFA
MIN	Anthony Edwards	25	SF,SG	active	2026:48924624;2027:52298736;2028:55672848	UFA
MIN	LaMelo Ball	24	SG,PG	active	2026:40770520;2027:43582280;2028:46394040	UFA
MIN	Rudy Gobert	34	C	active	2026:36500000;2027:P38000000	UFA
MIN	Jaden McDaniels	25	SF,PF	active	2026:26200001;2027:28006898;2028:29813790	UFA
MIN	Ayo Dosunmu	26	PG	active	2026:19310345;2027:20855173;2028:22400001;2029:23944829;2030:P25489652	UFA
MIN	Josh Green	25	SG,SF	active	2026:14679012	UFA
MIN	Donte DiVincenzo	29	SG	active	2026:12535000	UFA
MIN	Joan Beringer	19	C	active	2026:4411200;2027:T4621200;2028:T7098163	RFA
MIN	Jaylen Clark	24	SG	active	2026:3086420;2027:3333334;2028:3580246	UFA
MIN	Terrence Shannon Jr.	26	SG	active	2026:T2801640;2027:T5054159	RFA
MIN	Bones Hyland	25	PG,SG	active	2026:2449421	UFA
MIN	Trey Lyles	30	PF	active	2026:2449421	UFA
MIN	Isaiah Evans	20	SF,PG	active	2026:1357763;2027:2294370;2028:2694363;2029:T2918152	RFA
OKC	Chet Holmgren	24	C	active	2026:41240250;2027:44539470;2028:47838690;2029:51137910;2030:54437130	UFA
OKC	Jalen Williams	25	SG,SF	active	2026:41240250;2027:44539470;2028:47838690;2029:51137910;2030:54437130	UFA
OKC	Shai Gilgeous-Alexander	28	PG,SG	active	2026:40806150;2027:63706600;2028:68803128;2029:73899656;2030:P78996184	UFA
OKC	Isaiah Hartenstein	28	C,PF	active	2026:23148148;2027:25000000;2028:P26851852	UFA
OKC	Alex Caruso	32	PG,SG	active	2026:19550160;2027:20998320;2028:22446480	UFA
OKC	Jaylin Williams	24	PF	active	2026:7774648;2027:T7774648	UFA
OKC	Cason Wallace	22	PG,SG	active	2026:T7420806	RFA
OKC	Aday Mara	21	C	active	2026:5791680;2027:6081480;2028:T6371160;2029:T8779458	RFA
OKC	Nikola Topic	21	PG	active	2026:T5429760;2027:T7482209	RFA
OKC	Kenrich Williams	31	PF,SF	active	2026:5000000	UFA
OKC	Bennett Stirtz	22	PG	active	2026:4717320;2027:4953240;2028:T5189400;2029:T7960540	RFA
OKC	Jared McCain	22	SG,PG	active	2026:T4422600;2027:T6784268	RFA
OKC	Ajay Mitchell	24	PG,SG	active	2026:2850000;2027:T2850000	UFA
OKC	Thomas Sorber	20	C,PF	disabled	2026:4887720;2027:T5120400;2028:T7849573	RFA
POR	Ja Morant	27	PG	active	2026:42166510;2027:44886930	UFA
POR	Jrue Holiday	36	PG,SG	active	2026:34800000;2027:P37200000	UFA
POR	Shaedon Sharpe	23	SG	active	2026:20089287;2027:21696429;2028:23303571;2029:24910713	UFA
POR	Toumani Camara	26	PF	active	2026:18080358;2027:19526786;2028:20973214;2029:22419642	UFA
POR	Robert Williams III	28	C	active	2026:14000000;2027:14500000;2028:15000000	UFA
POR	Scoot Henderson	22	PG	active	2026:T13585523	RFA
POR	Damian Lillard	36	PG	active	2026:13398800;2027:P14104000	UFA
POR	Deni Avdija	25	SG,SF	active	2026:13125000;2027:11875000	UFA
POR	Donovan Clingan	22	C	active	2026:T7519920;2027:T9550298	RFA
POR	Yang Hansen	21	C	active	2026:4643520;2027:T4864920;2028:T7462787	RFA
POR	Micah Potter	28	PF,C	active	2026:T2801346	UFA
POR	Vit Krejci	26	SG	active	2026:2667944;2027:T3005085	UFA
POR	Sidy Cissoko	22	PG,SF	active	2026:2497812	RFA
POR	Branden Carlson	27	C	active	2026:2449421	RFA
POR	Jeremy Sochan	23	PG,SF	active	2026:2449421	UFA
UTA	Jaren Jackson Jr.	26	C,PF	active	2026:49000000;2027:50500000;2028:52000000;2029:P53500000	UFA
UTA	Lauri Markkanen	29	SF,PF	active	2026:46113154;2027:49824681;2028:53536209	UFA
UTA	Darryn Peterson	19	PG,SG	active	2026:13195320;2027:13855320;2028:T14515320;2029:T18318334	RFA
UTA	Jusuf Nurkic	31	C	active	2026:11458333;2027:10541667	UFA
UTA	Ace Bailey	20	SF	active	2026:9523080;2027:T9976560;2028:T12640302	RFA
UTA	Keyonte George	22	SG	active	2026:T6563925	RFA
UTA	John Konchar	30	SG	active	2026:6165000	UFA
UTA	Cody Williams	21	SF	active	2026:T6015600;2027:T7669890	RFA
UTA	Jaxson Hayes	26	C,PF	active	2026:6000000;2027:T6000000	UFA
UTA	Josh Okogie	27	SG	active	2026:6000000;2027:T6000000	UFA
UTA	Brice Sensabaugh	22	SF	active	2026:T4862237	RFA
UTA	Svi Mykhailiuk	29	SF,SG	active	2026:3850000;2027:T4025000	UFA
UTA	Mo Bamba	28	C	active	2026:3506659;2027:T3700320	UFA
UTA	Kyle Filipowski	22	C	active	2026:3000000;2027:T3000000	RFA
UTA	Isaiah Collier	21	PG	active	2026:T2763960;2027:T4988948	RFA
ATL	Jalen Johnson	24	PF,SF	active	2026:30000000;2027:30000000;2028:30000000;2029:30000000	UFA
ATL	Dyson Daniels	23	SG,SF	active	2026:25000000;2027:25000000;2028:25000000;2029:25000000	UFA
ATL	CJ McCollum	34	SG	active	2026:21000000	UFA
ATL	Lu Dort	27	SF,PF	active	2026:T17722222	UFA
ATL	Onyeka Okongwu	25	PF,C	active	2026:16120000;2027:16880000	UFA
ATL	Nickeil Alexander-Walker	27	SG	active	2026:14403710;2027:15161800;2028:P15919890	UFA
ATL	Jock Landale	30	C,PF	active	2026:14100000	UFA
ATL	Corey Kispert	27	SF	active	2026:13975000;2027:13050000;2028:T13050000	UFA
ATL	Buddy Hield	33	SG	active	2026:9658536;2027:P10097560	UFA
ATL	Aaron Wiggins	27	SG	active	2026:9028038;2027:8168226;2028:T8168226	UFA
ATL	Kingston Flemings	19	PG	active	2026:7348580;2027:7716120;2028:T8083680;2029:T10282441	RFA
ATL	Devin Carter	24	SG	active	2026:T5158080;2027:T7370896	RFA
ATL	Zuby Ejiofor	22	PF	active	2026:3453360;2027:3626160;2028:T3798360;2029:T6445817	RFA
ATL	Asa Newell	20	PF,C	active	2026:3399480;2027:T3560880;2028:T6042813	RFA
ATL	Mouhamed Gueye	23	PF	active	2026:T2406205	UFA
ATL	Ryan Nembhard	23	PG	active	2026:T2150917	RFA
ATL	Henri Veesaar	22	C	active	2026:1357763;2027:2294370;2028:2694363;2029:T2918152	RFA
BOS	Jayson Tatum	28	SF,PF	active	2026:58456566;2027:62786682;2028:67116798;2029:P71446914	UFA
BOS	Paul George	36	SF,SG	active	2026:54126380;2027:P56586670	UFA
BOS	Derrick White	32	SG,PG	active	2026:30348000;2027:32596000;2028:P34844000	UFA
BOS	Mitchell Robinson	28	C	active	2026:15044000;2027:15796200;2028:P16548400	UFA
BOS	Sam Hauser	28	SF	active	2026:10848215;2027:11651785;2028:12455356	UFA
BOS	Payton Pritchard	28	PG	active	2026:7767857;2027:8303571	UFA
BOS	Ron Harper Jr.	26	SG,SF	active	2026:3150752;2027:3308290;2028:3465828;2029:T3779359	UFA
BOS	Chris Cenac Jr.	19	PF,C	active	2026:2988120;2027:3137640;2028:T3287400;2029:T5930470	RFA
BOS	Hugo Gonzalez	20	SF	active	2026:2923560;2027:T3062640;2028:T5528065	RFA
BOS	Luka Garza	27	C	active	2026:2801346	UFA
BOS	Baylor Scheierman	25	SG,SF	active	2026:T2744040;2027:T4952992	RFA
BOS	Neemias Queta	27	C	active	2026:T2667944;2027:12500000;2028:13500000;2029:14500000;2030:15500000	UFA
BOS	Mike Conley	38	PG	active	2026:2449421	UFA
BOS	Jordan Walsh	22	SF	active	2026:T2406205;2027:5000000;2028:5250000;2029:T5500000	UFA
BOS	Dillon Mitchell	22	SF	inactive	2026:0	RFA
BKN	Michael Porter Jr.	28	SF	active	2026:40806150	UFA
BKN	Julius Randle	31	C,PF	active	2026:33333334;2027:P35802468	UFA
BKN	Terance Mann	29	SG	active	2026:15500000;2027:16000000	UFA
BKN	Day'Ron Sharpe	24	C	active	2026:10000000;2027:T10000000	UFA
BKN	Keon Ellis	26	SG	active	2026:9000000;2027:P9000000	UFA
BKN	Moritz Wagner	29	C	active	2026:9000000;2027:P9450000	UFA
BKN	Mikel Brown Jr.	20	PG,SG	active	2026:8787000;2027:9226440;2028:T9666000;2029:T12256488	RFA
BKN	Egor Demin	20	PG,SF	active	2026:7233720;2027:T7578240;2028:T9639521	RFA
BKN	Noah Clowney	22	PF,C	active	2026:T5414034	RFA
BKN	Josh Minott	23	SF	active	2026:4500000;2027:T4500000	UFA
BKN	Nolan Traore	20	PG	active	2026:4002000;2027:T4193040;2028:T6457282	RFA
BKN	Drake Powell	20	SG	active	2026:3540600;2027:T3709320;2028:T6101831	RFA
BKN	Ben Saraf	20	PG,SG	active	2026:3028560;2027:T3172920;2028:T5720775	RFA
BKN	Joshua Jefferson	22	C,PF	active	2026:2969520;2027:3118560;2028:T3266880;2029:T5896718	RFA
BKN	Danny Wolf	22	PF,C	active	2026:2941440;2027:T3081840;2028:T5559639	RFA
CHA	Coby White	26	SG,PG	active	2026:26811593;2027:24666667;2028:22521740	UFA
CHA	Naz Reid	26	C	active	2026:23275862;2027:25000000;2028:26724138;2029:P28448276	UFA
CHA	Grayson Allen	30	SG	active	2026:18125000;2027:P19375000	UFA
CHA	Brandon Miller	23	SF,SG	active	2026:T15104626	RFA
CHA	Dennis Schroder	32	PG	active	2026:14809200;2027:15514400	UFA
CHA	Grant Williams	27	PF	active	2026:14265750	UFA
CHA	Dorian Finney-Smith	33	PF,SF	active	2026:14196974;2027:13335000;2028:P13335000	UFA
CHA	Royce O'Neale	33	PF,SF	active	2026:10875000;2027:11625000	UFA
CHA	Kon Knueppel	21	SF,SG	active	2026:10516560;2027:T11017560;2028:T13937213	RFA
CHA	Tidjane Salaün	21	SF,PF	active	2026:8237880;2027:10445632	RFA
CHA	Hannes Steinbach	20	PF,C	active	2026:5227200;2027:5488560;2028:T5750160;2029:T8515987	RFA
CHA	Christian Anderson	20	PG	active	2026:4257480;2027:4470000;2028:T4683120;2029:T7202639	RFA
CHA	Pat Connaughton	33	SG,SF	active	2026:T3815861	UFA
CHA	Liam McNeeley	20	SF,PF	active	2026:2902080;2027:T3040320;2028:T5487778	RFA
CHA	Moussa Diabaté	24	PF,C	active	2026:2461462	UFA
CHA	Sion James	23	PG,SF	active	2026:2411090;2027:2525901;2028:T2735698	RFA
CHA	Ryan Kalkbrenner	24	C	active	2026:2411090;2027:2525901;2028:T2735698	RFA
CHI	Josh Giddey	23	PF,SF	active	2026:25000000;2027:25000000;2028:25000000	UFA
CHI	Nicolas Claxton	27	C,PF	active	2026:23320738;2027:21099720	UFA
CHI	Norman Powell	33	SG	active	2026:21500000;2027:T22575000	UFA
CHI	Patrick Williams	24	PF,SF	active	2026:18000000;2027:18000000;2028:P18000000	UFA
CHI	Isaac Okoro	25	SG,SF	active	2026:11814814	UFA
CHI	Caleb Wilson	20	PF,C	active	2026:10683720;2027:11217960;2028:T11752320;2029:T14866685	RFA
CHI	Jalen Smith	26	PF	active	2026:9428571	UFA
CHI	Zach Collins	28	C,PF	active	2026:8500000;2027:T8500000	UFA
CHI	Tre Jones	26	PG	active	2026:8000000;2027:T8000000	UFA
CHI	Rob Dillingham	21	PG	active	2026:T6889320;2027:T8763215	RFA
CHI	Matas Buzelis	21	SF	active	2026:T5715360;2027:T7584283	RFA
CHI	Noa Essengue	19	PF	active	2026:5701200;2027:T5972760;2028:T8230463	RFA
CHI	Dailyn Swain	21	SF,PF	active	2026:4965480;2027:5213760;2028:T5461920;2029:T8373123	RFA
CHI	Leonard Miller	22	SF	active	2026:T2406205	UFA
LAL	Luka Doncic	27	PG,SG	active	2026:51033600;2027:55116288;2028:P59198976	UFA
LAL	Austin Reaves	28	SG	active	2026:41240250;2027:42954030;2028:46253250;2029:P49552470	UFA
LAL	Walker Kessler	25	C,PF	active	2026:30108821;2027:31614262;2028:33119703;2029:P34625144	UFA
LAL	Quentin Grimes	26	SG	active	2026:13953489;2027:14651163;2028:15348837;2029:P16046511	UFA
LAL	Sandro Mamukelashvili	27	C,PF	active	2026:13000000;2027:12350000;2028:13000000;2029:P13650000	UFA
LAL	Jarred Vanderbilt	27	PF,SF	active	2026:12428571;2027:P13285714	UFA
LAL	Collin Sexton	27	PG,SG	active	2026:9366000;2027:P9834000	UFA
LAL	Jaden Hardy	24	SG,PG	active	2026:6000000;2027:T6000000	UFA
LAL	Jake LaRavia	24	SF,PF	active	2026:6000000	UFA
LAL	Dalton Knecht	25	SG,SF	active	2026:T4201080;2027:T6452859	RFA
LAL	Cameron Carr	21	SG	active	2026:3315360;2027:3481080;2028:T3646800;2029:T6378253	RFA
LAL	Kevon Looney	30	C,PF	active	2026:2449421	UFA
LAL	Matisse Thybulle	29	SG	active	2026:2449421	UFA
LAL	Ziaire Williams	24	SF	active	2026:2449421	UFA
LAL	Bronny James	21	PG,SG	active	2026:2296271;2027:T2486995	RFA
LAL	Adou Thiero	22	SF,PF	active	2026:2150917;2027:T2525901	RFA
WAS	Anthony Davis	33	C,PF	active	2026:58456566;2027:P62786682	UFA
WAS	Trae Young	27	PG	active	2026:49488300;2027:50478066;2028:54437130;2029:P58396194	UFA
WAS	AJ Dybantsa	19	SF,PF	active	2026:14748000;2027:15485760;2028:T16223040;2029:T20457253	RFA
WAS	Alexandre Sarr	21	C	active	2026:T12370680;2027:T15611798	RFA
WAS	Bilal Coulibaly	22	SF	active	2026:T9240012	RFA
WAS	Tre Johnson	20	SG	active	2026:8649600;2027:T9061680;2028:T11490210	RFA
WAS	Deandre Ayton	28	C	active	2026:P8104000	UFA
WAS	Khris Middleton	35	SF	active	2026:5591112;2027:5870678;2028:6150234	UFA
WAS	Cam Whitmore	22	SF	active	2026:T5458310	RFA
WAS	Carlton Carrington	21	SG,PG	active	2026:T4900560;2027:T7257729	RFA
WAS	Will Riley	20	SF	active	2026:3688320;2027:T3864000;2028:T6155352	RFA
WAS	Kyshawn George	22	SF,SG	active	2026:T3108000;2027:T5435892	RFA
WAS	Tristan Vukcevic	23	PF,C	active	2026:3000000;2027:T3000000	UFA
WAS	Justin Champagnie	25	SF,PF	active	2026:2667944;2027:T3005085	UFA
