name,team,age,positions,position_group,roster_status,salary_2026_27,cap_hold,qualifying_offer,overall,impact,offense,defense,career_stage,trend,rating_source,data_confidence,career_status,nba_id
Joel Embiid,PHI,32,C,big,active,57985752,,,85,89,80,80,late_prime,gradual_decline,2025-26_box_score_model,1.0,nba_established,203954
Jaylen Brown,PHI,29,SG/SF,wing,active,57736350,,,82,86,79,75,prime,stable_prime,2025-26_box_score_model,1.0,nba_established,1627759
Tyrese Maxey,PHI,25,PG/SG,guard,active,40770520,,,88,87,88,78,prime,stable_prime,2025-26_box_score_model,1.0,nba_established,1630178
VJ Edgecombe,PHI,21,SG/SF,wing,active,11663880,,,79,78,77,76,development,rising_fast,2025-26_box_score_model,1.0,nba_established,1642845
Dean Wade,PHI,29,PF,wing,active,9000000,,,74,67,74,80,prime,stable_prime,2025-26_box_score_model,1.0,nba_established,1629731
Anfernee Simons,PHI,27,SG,guard,active,6000000,,,80,77,82,62,prime,stable_prime,2025-26_box_score_model,1.0,nba_established,1629014
LeBron James,PHI,41,PF/PG/SF/SG,wing,active,3876528,,,83,87,83,78,late_career,declining_fast,2025-26_box_score_model,1.0,nba_established,2544
Labaron Philon,PHI,20,PG,guard,active,3597120,,,,,,,development,rising_fast,pre_nba_projection_pending,0.0,rookie_2026_projection_pending,
Dominick Barlow,PHI,23,PF/C,big,active,3415000,,,76,72,69,81,approaching_prime,rising,2025-26_box_score_model,1.0,nba_established,1631230
Ariel Hukporti,PHI,24,C,big,active,3400000,,,73,69,71,78,approaching_prime,rising,2025-26_box_score_model,0.381,nba_established,1630574
Jabari Walker,PHI,24,PF,wing,active,2584539,,,73,69,71,78,approaching_prime,rising,2025-26_box_score_model,0.625,nba_established,1631133
Kentavious Caldwell-Pope,PHI,33,SG,guard,active,2449421,,,73,72,74,72,decline,declining,2025-26_box_score_model,0.905,nba_established,203484
Justin Edwards,PHI,22,SF/SG,wing,active,2411090,,,75,73,77,74,approaching_prime,rising,2025-26_box_score_model,0.773,nba_established,1642348
Adem Bona,PHI,23,PF/C,big,active,2296271,,,74,70,64,79,approaching_prime,rising,2025-26_box_score_model,0.986,nba_established,1641737
Karl-Anthony Towns,NYK,30,PF/C,big,active,57078728,,,87,88,81,81,prime,stable_prime,2025-26_box_score_model,1.0,nba_established,1626157
OG Anunoby,NYK,29,SF,wing,active,42500000,,,82,81,79,81,prime,stable_prime,2025-26_box_score_model,1.0,nba_established,1628384
Jalen Brunson,NYK,29,PG,guard,active,37739521,,,85,82,88,63,prime,stable_prime,2025-26_box_score_model,1.0,nba_established,1628973
Mikal Bridges,NYK,29,SG/SF,wing,active,33482145,,,82,78,84,76,prime,stable_prime,2025-26_box_score_model,1.0,nba_established,1628969
Josh Hart,NYK,31,SF/SG,wing,active,20923760,,,81,80,80,79,late_prime,gradual_decline,2025-26_box_score_model,1.0,nba_established,1628404
Landry Shamet,NYK,29,SG,guard,active,5490967,,,74,70,76,65,prime,stable_prime,2025-26_box_score_model,0.935,nba_established,1629013
Jose Alvarado,NYK,28,PG,guard,active,4439656,,,76,73,76,72,prime,stable_prime,2025-26_box_score_model,1.0,nba_established,1630631
Miles McBride,NYK,25,PG,guard,active,3956523,,,77,73,78,67,prime,stable_prime,2025-26_box_score_model,0.865,nba_established,1630540
Pacôme Dadiet,NYK,21,PF,wing,active,2983680,,,73,68,75,72,development,rising_fast,2025-26_box_score_model,0.088,low_sample_established,1642359
Mohamed Diawara,NYK,21,PF/SF,wing,active,2622139,,,73,72,74,71,development,rising_fast,2025-26_box_score_model,0.491,nba_established,1642885
Jordan Clarkson,NYK,34,PG/SG,guard,active,2449421,,,72,72,74,63,decline,declining,2025-26_box_score_model,1.0,nba_established,203903
Andre Drummond,NYK,33,C,big,active,2449421,,,75,71,66,86,decline,declining,2025-26_box_score_model,0.96,nba_established,203083
Tyler Kolek,NYK,25,PG,guard,active,2296271,,,75,74,75,72,prime,stable_prime,2025-26_box_score_model,0.604,nba_established,1642278
Scottie Barnes,TOR,25,SG/PF,wing,active,41754690,,,83,88,80,86,prime,stable_prime,2025-26_box_score_model,1.0,nba_established,1630567
Brandon Ingram,TOR,28,PF/SF,wing,active,40000000,,,80,82,80,75,prime,stable_prime,2025-26_box_score_model,1.0,nba_established,1627742
Immanuel Quickley,TOR,27,PG,guard,active,32500000,,,85,82,85,72,prime,stable_prime,2025-26_box_score_model,1.0,nba_established,1630193
RJ Barrett,TOR,26,SG,guard,active,29616071,,,81,82,82,71,prime,stable_prime,2025-26_box_score_model,1.0,nba_established,1629628
Jakob Poeltl,TOR,30,C,big,active,19500000,,,82,83,76,83,prime,stable_prime,2025-26_box_score_model,0.91,nba_established,1627751
Gradey Dick,TOR,22,SG/SF,wing,active,7131510,,,71,69,72,72,approaching_prime,rising,2025-26_box_score_model,0.87,nba_established,1641711
Collin Murray-Boyles,TOR,21,PF,wing,active,6649560,,,79,79,74,82,development,rising_fast,2025-26_box_score_model,1.0,nba_established,1642867
Allen Graves,TOR,20,PF,wing,active,4065720,,,,,,,development,rising_fast,pre_nba_projection_pending,0.0,rookie_2026_projection_pending,
Ja'Kobe Walter,TOR,21,SG,guard,active,3811800,,,75,71,76,73,development,rising_fast,2025-26_box_score_model,1.0,nba_established,1642266
Andre Jackson Jr.,TOR,24,SG/PG/SF,wing,active,2449421,,,71,69,71,77,approaching_prime,rising,2025-26_box_score_model,0.296,nba_established,1641748
Kyle Anderson,TOR,32,SF/PF,wing,active,2449421,,,75,74,75,83,decline,declining,2025-26_box_score_model,0.664,nba_established,203937
Trayce Jackson-Davis,TOR,26,PF/C,big,active,2406205,,,77,77,74,84,prime,stable_prime,2025-26_box_score_model,0.409,nba_established,1631218
Jamison Battle,TOR,25,SF,wing,active,2296271,,,73,70,73,70,prime,stable_prime,2025-26_box_score_model,0.42,nba_established,1642419
Jamal Shead,TOR,24,PG,guard,active,2296271,,,72,68,71,68,approaching_prime,rising,2025-26_box_score_model,1.0,nba_established,1642347
Alijah Martin,TOR,24,PG,guard,active,2185116,,,74,72,75,82,approaching_prime,rising,2025-26_box_score_model,0.109,low_sample_established,1642918
Donovan Mitchell,CLE,29,SG,guard,active,50105628,,,88,88,89,75,prime,stable_prime,2025-26_box_score_model,1.0,nba_established,1628378
Evan Mobley,CLE,25,PF/C,big,active,50105628,,,86,87,81,83,approaching_prime,rising,2025-26_box_score_model,1.0,nba_established,1630596
Jarrett Allen,CLE,28,C,big,active,28000000,,,86,87,76,88,prime,stable_prime,2025-26_box_score_model,1.0,nba_established,1628386
Max Strus,CLE,30,SG/SF,wing,active,16660836,,,77,81,76,66,late_prime,gradual_decline,2025-26_box_score_model,0.188,low_sample_established,1629622
Sam Merrill,CLE,30,SG,guard,active,9160715,,,81,76,85,62,late_prime,gradual_decline,2025-26_box_score_model,1.0,nba_established,1630241
Tre Mann,CLE,25,PG,guard,active,8000000,,,74,74,74,72,prime,stable_prime,2025-26_box_score_model,0.552,nba_established,1630544
Jaylon Tyson,CLE,23,SF,wing,active,3658560,,,78,80,75,75,approaching_prime,rising,2025-26_box_score_model,1.0,nba_established,1642281
Thomas Bryant,CLE,29,C,big,active,2449421,,,80,81,78,79,prime,stable_prime,2025-26_box_score_model,0.61,nba_established,1628418
Mario Hezonja,CLE,31,PF/SF,wing,active,2449421,,,,,,,late_prime,gradual_decline,prior_or_external_sample_pending,0.0,no_2025_26_nba_sample,
Nae'Qwan Tomlin,CLE,25,SF/PF,wing,active,2411090,,,74,70,73,78,prime,stable_prime,2025-26_box_score_model,0.79,nba_established,1641772
Craig Porter Jr.,CLE,26,PG,guard,active,2406205,,,74,73,71,84,prime,stable_prime,2025-26_box_score_model,0.92,nba_established,1641854
Tyrese Proctor,CLE,22,PG,guard,active,2150917,,,75,75,76,70,approaching_prime,rising,2025-26_box_score_model,0.416,nba_established,1642878
Meleek Thomas,CLE,20,SG/PG,guard,active,1357763,,,,,,,development,rising_fast,pre_nba_projection_pending,0.0,rookie_2026_projection_pending,
Cade Cunningham,DET,24,PG,guard,active,50105628,,,85,89,82,80,approaching_prime,rising,2025-26_box_score_model,1.0,nba_established,1630595
John Collins,DET,28,PF,wing,active,17000000,,,80,79,76,80,prime,stable_prime,2025-26_box_score_model,1.0,nba_established,1628381
Duncan Robinson,DET,32,PF/SF,wing,active,15992957,,,74,73,82,65,decline,declining,2025-26_box_score_model,1.0,nba_established,1629130
Isaiah Joe,DET,27,SG,guard,active,11323006,,,81,78,82,70,prime,stable_prime,2025-26_box_score_model,1.0,nba_established,1630198
Ausar Thompson,DET,23,SG/SF,wing,active,11117925,,,77,78,73,86,approaching_prime,rising,2025-26_box_score_model,1.0,nba_established,1641709
Kevin Huerter,DET,27,SG,guard,active,9507042,,,78,78,78,78,prime,stable_prime,2025-26_box_score_model,1.0,nba_established,1628989
Ron Holland II,DET,21,SF/PF,wing,active,9069600,,,74,73,68,83,development,rising_fast,2025-26_box_score_model,1.0,nba_established,1641842
Paul Reed,DET,27,C/PF,big,active,5602689,,,84,89,76,88,prime,stable_prime,2025-26_box_score_model,0.718,nba_established,1630194
Ebuka Okorie,DET,19,PG,guard,active,4481280,,,,,,,development,rising_fast,pre_nba_projection_pending,0.0,rookie_2026_projection_pending,
Daniss Jenkins,DET,25,PG,guard,active,4000000,,,79,78,78,72,prime,stable_prime,2025-26_box_score_model,1.0,nba_established,1642450
Javonte Green,DET,33,SF,wing,active,3943679,,,74,73,70,81,decline,declining,2025-26_box_score_model,1.0,nba_established,1629750
Gary Harris,DET,31,SG,guard,active,3815861,,,71,65,73,74,late_prime,gradual_decline,2025-26_box_score_model,0.544,nba_established,203914
Taurean Prince,DET,32,SF,wing,active,3815861,,,73,70,74,70,decline,declining,2025-26_box_score_model,0.431,nba_established,1627752
Tolu Smith III,DET,26,PF,wing,active,2411090,,,76,77,75,75,prime,stable_prime,2025-26_box_score_model,0.109,low_sample_established,1642449
Chaz Lanier,DET,24,SG,guard,active,2150917,,,70,59,74,67,approaching_prime,rising,2025-26_box_score_model,0.207,low_sample_established,1642404
Jalen Duren,DET,22,C,big,restricted_free_agent_unsigned,,19449432,9615600,87,88,79,83,approaching_prime,rising,2025-26_box_score_model,1.0,nba_established,1631105
Pascal Siakam,IND,32,PF,wing,active,48924624,,,81,85,82,78,decline,declining,2025-26_box_score_model,1.0,nba_established,1627783
Ivica Zubac,IND,29,C,big,active,20342140,,,82,81,75,80,prime,stable_prime,2025-26_box_score_model,1.0,nba_established,1627826
Andrew Nembhard,IND,26,PG,guard,active,19550160,,,82,79,83,64,prime,stable_prime,2025-26_box_score_model,1.0,nba_established,1629614
Obi Toppin,IND,28,PF,wing,active,15000000,,,80,86,78,75,prime,stable_prime,2025-26_box_score_model,0.306,nba_established,1630167
T.J. McConnell,IND,34,PG,guard,active,11000000,,,82,85,83,78,decline,declining,2025-26_box_score_model,0.803,nba_established,204456
Aaron Nesmith,IND,26,SF,wing,active,11000000,,,73,72,73,69,prime,stable_prime,2025-26_box_score_model,1.0,nba_established,1630174
Jarace Walker,IND,22,PF/SF,wing,active,8478541,,,75,76,72,78,approaching_prime,rising,2025-26_box_score_model,1.0,nba_established,1641716
Kelly Oubre Jr.,IND,30,SF,wing,active,8050000,,,75,74,74,77,late_prime,gradual_decline,2025-26_box_score_model,1.0,nba_established,1626162
Ben Sheppard,IND,25,SG,guard,active,5031668,,,73,67,75,68,prime,stable_prime,2025-26_box_score_model,1.0,nba_established,1641767
Jay Huff,IND,27,C,big,active,2667944,,,80,78,77,78,prime,stable_prime,2025-26_box_score_model,1.0,nba_established,1630643
Quenton Jackson,IND,27,SG/PG,guard,active,2584539,,,77,80,77,70,prime,stable_prime,2025-26_box_score_model,0.678,nba_established,1631245
Larry Nance Jr.,IND,33,C/PF,big,active,2449421,,,72,67,72,80,decline,declining,2025-26_box_score_model,0.344,nba_established,1626204
Johnny Furphy,IND,21,SG/SF,wing,active,2296271,,,70,66,71,75,development,rising_fast,2025-26_box_score_model,0.537,nba_established,1642277
Tyrese Haliburton,IND,26,PG,guard,disabled,48924624,,,,,,,prime,stable_prime,prior_or_external_sample_pending,0.0,no_2025_26_nba_sample,
Tyler Herro,MIL,26,SG,guard,active,33000000,,,84,84,86,71,prime,stable_prime,2025-26_box_score_model,0.819,nba_established,1629639
Myles Turner,MIL,30,C,big,active,26584164,,,76,75,72,79,prime,stable_prime,2025-26_box_score_model,1.0,nba_established,1626167
Kyle Kuzma,MIL,31,PF,wing,active,20490152,,,78,79,76,75,late_prime,gradual_decline,2025-26_box_score_model,1.0,nba_established,1628398
Gary Trent Jr.,MIL,27,SG,guard,active,15200000,,,70,64,71,61,prime,stable_prime,2025-26_box_score_model,1.0,nba_established,1629018
Caris LeVert,MIL,31,SF/SG,wing,active,14809200,,,72,73,71,76,late_prime,gradual_decline,2025-26_box_score_model,0.921,nba_established,1627747
AJ Green,MIL,26,SG/SF,wing,active,10044644,,,72,66,73,60,prime,stable_prime,2025-26_box_score_model,1.0,nba_established,1631260
Brayden Burries,MIL,20,SG,guard,active,6417360,,,,,,,development,rising_fast,pre_nba_projection_pending,0.0,rookie_2026_projection_pending,
Jaime Jaquez Jr.,MIL,25,SF/SG,wing,active,5939141,,,78,81,78,73,prime,stable_prime,2025-26_box_score_model,1.0,nba_established,1631170
Ousmane Dieng,MIL,23,PF,wing,active,5750000,,,72,72,71,75,approaching_prime,rising,2025-26_box_score_model,0.828,nba_established,1631172
Nate Ament,MIL,19,SF/SG,wing,active,5502000,,,,,,,development,rising_fast,pre_nba_projection_pending,0.0,rookie_2026_projection_pending,
Kevin Porter Jr.,MIL,26,PG/SG,guard,active,5390700,,,81,85,79,81,prime,stable_prime,2025-26_box_score_model,1.0,nba_established,1629645
Kel'el Ware,MIL,22,C,big,active,4654920,,,85,81,77,89,approaching_prime,rising,2025-26_box_score_model,1.0,nba_established,1642276
Ryan Rollins,MIL,23,SG,guard,active,4000000,,,83,84,80,77,approaching_prime,rising,2025-26_box_score_model,1.0,nba_established,1631157
Kasparas Jakucionis,MIL,20,PG/SG,guard,active,3841680,,,75,74,75,70,development,rising_fast,2025-26_box_score_model,0.738,nba_established,1642857
Jericho Sims,MIL,27,PF,wing,active,2801346,,,74,70,67,73,prime,stable_prime,2025-26_box_score_model,1.0,nba_established,1630579
Pete Nance,MIL,26,PF/C,big,active,2537526,,,74,72,74,73,prime,stable_prime,2025-26_box_score_model,0.598,nba_established,1631250
Bogoljub Marković,MIL,21,PF,wing,active,1357763,,,,,,,development,rising_fast,pre_nba_projection_pending,0.0,rookie_2026_projection_pending,
Giannis Antetokounmpo,MIA,31,PF/C/SF/SG,wing,active,58456566,,,88,94,82,83,late_prime,gradual_decline,2025-26_box_score_model,0.867,nba_established,203507
Bam Adebayo,MIA,29,C/PF,big,active,49488300,,,82,84,77,86,prime,stable_prime,2025-26_box_score_model,1.0,nba_established,1628389
Andrew Wiggins,MIA,31,SF/SG,wing,active,30169644,,,81,82,80,78,late_prime,gradual_decline,2025-26_box_score_model,1.0,nba_established,203952
Nikola Jovic,MIA,23,SF/SG,wing,active,16200000,,,74,76,72,79,approaching_prime,rising,2025-26_box_score_model,0.674,nba_established,1631107
Bobby Portis,MIA,31,C/PF,big,active,14521414,,,79,80,77,77,late_prime,gradual_decline,2025-26_box_score_model,1.0,nba_established,1626171
Davion Mitchell,MIA,27,PG,guard,active,12400000,,,77,71,79,67,prime,stable_prime,2025-26_box_score_model,1.0,nba_established,1630558
Tim Hardaway Jr.,MIA,34,SG/SF,wing,active,6065000,,,78,73,80,63,decline,declining,2025-26_box_score_model,1.0,nba_established,203501
Dru Smith,MIA,28,PG,guard,active,2584539,,,74,74,73,80,prime,stable_prime,2025-26_box_score_model,0.951,nba_established,1630696
Simone Fontecchio,MIA,30,SF,wing,active,2449421,,,78,77,79,72,late_prime,gradual_decline,2025-26_box_score_model,0.955,nba_established,1631323
Pelle Larsson,MIA,25,SG/SF,wing,active,2296271,,,77,77,79,67,prime,stable_prime,2025-26_box_score_model,1.0,nba_established,1641796
Myron Gardner,MIA,25,SG,guard,active,2150917,,,77,81,76,82,prime,stable_prime,2025-26_box_score_model,0.333,nba_established,1642066
Ryan Conwell,MIA,22,PG/SG,guard,active,1357763,,,,,,,approaching_prime,rising,pre_nba_projection_pending,0.0,pre_nba_or_no_nba_sample_projection_pending,
Franz Wagner,ORL,24,SF,wing,active,41754690,,,81,84,81,75,approaching_prime,rising,2025-26_box_score_model,0.79,nba_established,1630532
Paolo Banchero,ORL,23,PF,wing,active,41240250,,,81,85,76,77,approaching_prime,rising,2025-26_box_score_model,1.0,nba_established,1631094
Desmond Bane,ORL,28,SG/SF,wing,active,39446090,,,84,83,85,69,prime,stable_prime,2025-26_box_score_model,1.0,nba_established,1630217
Jalen Suggs,ORL,25,PG,guard,active,32400000,,,80,84,78,81,prime,stable_prime,2025-26_box_score_model,1.0,nba_established,1630591
Wendell Carter Jr.,ORL,27,C,big,active,18102000,,,81,78,75,78,prime,stable_prime,2025-26_box_score_model,1.0,nba_established,1628976
Anthony Black,ORL,22,SG/PG,guard,active,10106316,,,77,81,75,77,approaching_prime,rising,2025-26_box_score_model,1.0,nba_established,1641710
Goga Bitadze,ORL,27,C,big,active,7608696,,,80,81,72,85,prime,stable_prime,2025-26_box_score_model,0.762,nba_established,1629048
Tristan Da Silva,ORL,25,PF,wing,active,3991200,,,74,72,75,76,prime,stable_prime,2025-26_box_score_model,1.0,nba_established,1641783
Jase Richardson,ORL,20,SG,guard,active,3132360,,,73,70,75,65,development,rising_fast,2025-26_box_score_model,0.481,nba_established,1642859
Jamal Cain,ORL,27,SF,wing,active,2584539,,,74,73,75,69,prime,stable_prime,2025-26_box_score_model,0.358,nba_established,1631288
Jevon Carter,ORL,30,PG,guard,active,2449421,,,74,71,74,75,late_prime,gradual_decline,2025-26_box_score_model,0.679,nba_established,1628975
Jonathan Isaac,ORL,28,PF/SF,wing,active,2449421,,,72,66,71,85,prime,stable_prime,2025-26_box_score_model,0.433,nba_established,1628371
Nikola Vucevic,ORL,35,C,big,active,2449421,,,85,83,84,81,decline,declining,2025-26_box_score_model,1.0,nba_established,202696
Noah Penda,ORL,21,SF/PF,wing,active,2150917,,,73,71,69,82,development,rising_fast,2025-26_box_score_model,0.618,nba_established,1642869
Stephen Curry,GSW,38,PG,guard,active,62587158,,,88,87,89,72,late_career,declining_fast,2025-26_box_score_model,1.0,nba_established,201939
Jimmy Butler,GSW,36,SF/SG,wing,active,56832773,,,87,88,88,77,late_career,declining_fast,2025-26_box_score_model,0.985,nba_established,202710
Draymond Green,GSW,36,PF/SF,wing,active,27678571,,,76,74,71,79,late_career,declining_fast,2025-26_box_score_model,1.0,nba_established,203110
Kristaps Porzingis,GSW,31,PF,wing,active,20000000,,,82,86,80,77,late_prime,gradual_decline,2025-26_box_score_model,0.599,nba_established,204001
Moses Moody,GSW,24,SG,guard,active,12500000,,,78,77,77,76,approaching_prime,rising,2025-26_box_score_model,1.0,nba_established,1630541
Al Horford,GSW,40,C/PF,big,active,6822000,,,78,77,77,85,late_career,declining_fast,2025-26_box_score_model,0.778,nba_established,201143
Yaxel Lendeborg,GSW,23,SF/PF,wing,active,6096240,,,,,,,approaching_prime,rising,pre_nba_projection_pending,0.0,rookie_2026_projection_pending,
De'Anthony Melton,GSW,28,PG,guard,active,6064000,,,77,81,74,80,prime,stable_prime,2025-26_box_score_model,0.886,nba_established,1629001
Brandin Podziemski,GSW,23,SG,guard,active,5679458,,,82,80,81,77,approaching_prime,rising,2025-26_box_score_model,1.0,nba_established,1641764
Gui Santos,GSW,24,SF,wing,active,4629630,,,80,82,77,79,approaching_prime,rising,2025-26_box_score_model,1.0,nba_established,1630611
Charles Bassey,GSW,25,C,big,active,2449421,,,78,82,75,84,approaching_prime,rising,2025-26_box_score_model,0.075,low_sample_established,1629646
Gary Payton II,GSW,33,PG,guard,active,2449421,,,78,85,76,83,decline,declining,2025-26_box_score_model,0.916,nba_established,1627780
Will Richard,GSW,23,PG,guard,active,2150917,,,73,70,73,72,approaching_prime,rising,2025-26_box_score_model,1.0,nba_established,1642954
Kawhi Leonard,LAC,35,SF,wing,active,50300000,,,90,90,91,84,decline,declining,2025-26_box_score_model,1.0,nba_established,202695
Darius Garland,LAC,26,PG,guard,active,42166510,,,84,83,85,66,prime,stable_prime,2025-26_box_score_model,1.0,nba_established,1629636
Rui Hachimura,LAC,28,PF,wing,active,14000000,,,72,68,76,67,prime,stable_prime,2025-26_box_score_model,1.0,nba_established,1629060
Derrick Jones Jr.,LAC,29,PF/SF,wing,active,10476190,,,74,71,74,76,prime,stable_prime,2025-26_box_score_model,1.0,nba_established,1627884
Keaton Wagler,LAC,19,SG/PG,guard,active,9674760,,,,,,,development,rising_fast,pre_nba_projection_pending,0.0,rookie_2026_projection_pending,
Brook Lopez,LAC,38,C,big,active,9187500,,,74,71,72,78,late_career,declining_fast,2025-26_box_score_model,1.0,nba_established,201572
Isaiah Jackson,LAC,24,C,big,active,7000000,,,80,80,71,86,approaching_prime,rising,2025-26_box_score_model,0.757,nba_established,1630543
Kris Dunn,LAC,32,PG,guard,active,5684800,,,75,71,74,74,decline,declining,2025-26_box_score_model,1.0,nba_established,1627739
Jordan Miller,LAC,26,SF,wing,active,5300000,,,78,79,78,74,prime,stable_prime,2025-26_box_score_model,1.0,nba_established,1641757
Yanic Niederhauser,LAC,23,C,big,active,2880960,,,,,,,approaching_prime,rising,pre_nba_projection_pending,0.0,pre_nba_or_no_nba_sample_projection_pending,
Kobe Sanders,LAC,24,SG/SF,wing,active,2622139,,,72,69,70,67,approaching_prime,rising,2025-26_box_score_model,1.0,nba_established,1642920
Cameron Christie,LAC,21,PG,guard,active,2296271,,,72,,71,76,development,rising_fast,2025-26_box_score_model,0.393,nba_established,1642353
Johni Broome,LAC,24,PF/C,big,active,2150917,,,73,68,75,85,approaching_prime,rising,2025-26_box_score_model,0.046,low_sample_established,1641780
Baba Miller,LAC,22,C,big,active,1705630,,,,,,,approaching_prime,rising,pre_nba_projection_pending,0.0,rookie_2026_projection_pending,
Bennedict Mathurin,LAC,23,SG/SF,wing,restricted_free_agent_unsigned,,27562719,8774590,75,79,72,71,approaching_prime,rising,2025-26_box_score_model,1.0,nba_established,1631097
Bradley Beal,LAC,33,SG,guard,disabled,6424800,,,72,66,75,64,decline,declining,2025-26_box_score_model,0.101,low_sample_established,203078
Devin Booker,PHX,29,SG,guard,active,57078728,,,80,84,81,65,prime,stable_prime,2025-26_box_score_model,1.0,nba_established,1626164
Jalen Green,PHX,24,SG,guard,active,36251166,,,77,81,75,76,approaching_prime,rising,2025-26_box_score_model,0.687,nba_established,1630224
Miles Bridges,PHX,28,SF/PF,wing,active,22826087,,,81,80,83,74,prime,stable_prime,2025-26_box_score_model,1.0,nba_established,1628970
Dillon Brooks,PHX,30,SF/SG,wing,active,20992727,,,75,75,76,67,late_prime,gradual_decline,2025-26_box_score_model,1.0,nba_established,1628415
Mark Williams,PHX,24,PF/C,big,active,11728395,,,84,83,75,87,approaching_prime,rising,2025-26_box_score_model,1.0,nba_established,1631109
Collin Gillespie,PHX,27,PG,guard,active,10714286,,,81,79,79,76,prime,stable_prime,2025-26_box_score_model,1.0,nba_established,1631221
Khaman Maluach,PHX,19,C,big,active,6316680,,,74,70,72,76,development,rising_fast,2025-26_box_score_model,0.287,nba_established,1642863
Luke Kennard,PHX,30,SG,guard,active,6064000,,,79,74,81,66,late_prime,gradual_decline,2025-26_box_score_model,1.0,nba_established,1628379
Jordan Goodwin,PHX,27,SG,guard,active,5864198,,,76,74,74,81,prime,stable_prime,2025-26_box_score_model,1.0,nba_established,1630692
Koa Peat,PHX,19,PF,wing,active,2926800,,,,,,,development,rising_fast,pre_nba_projection_pending,0.0,rookie_2026_projection_pending,
Ryan Dunn,PHX,23,SF/PF,wing,active,2784240,,,74,70,68,83,approaching_prime,rising,2025-26_box_score_model,1.0,nba_established,1642346
Jamaree Bouyea,PHX,27,PG/SG,guard,active,2584539,,,76,75,76,81,prime,stable_prime,2025-26_box_score_model,0.477,nba_established,1631123
Haywood Highsmith,PHX,29,SF,wing,active,2449421,,,76,79,75,74,prime,stable_prime,2025-26_box_score_model,0.067,low_sample_established,1629312
Oso Ighodaro,PHX,24,PF,wing,active,2296271,,,79,76,72,83,approaching_prime,rising,2025-26_box_score_model,1.0,nba_established,1642345
Rasheer Fleming,PHX,22,PF,wing,active,2150917,,,72,68,72,78,approaching_prime,rising,2025-26_box_score_model,0.498,nba_established,1642853
Zach LaVine,SAC,31,SG,guard,active,48967380,,,79,78,82,64,late_prime,gradual_decline,2025-26_box_score_model,1.0,nba_established,203897
Domantas Sabonis,SAC,30,C/PF,big,active,45472000,,,81,85,76,75,prime,stable_prime,2025-26_box_score_model,0.47,nba_established,1627734
De'Andre Hunter,SAC,28,SF,wing,active,24910714,,,73,75,73,68,prime,stable_prime,2025-26_box_score_model,0.981,nba_established,1629631
Keegan Murray,SAC,26,PF,wing,active,24137936,,,74,70,71,80,prime,stable_prime,2025-26_box_score_model,0.661,nba_established,1631099
Malik Monk,SAC,28,SG,guard,active,20190035,,,81,80,81,68,prime,stable_prime,2025-26_box_score_model,1.0,nba_established,1628370
Darius Acuff,SAC,19,PG,guard,active,8021640,,,,,,,development,rising_fast,pre_nba_projection_pending,0.0,rookie_2026_projection_pending,
Precious Achiuwa,SAC,26,PF,wing,active,5477000,,,80,76,73,86,prime,stable_prime,2025-26_box_score_model,1.0,nba_established,1630173
Nique Clifford,SAC,24,SF,wing,active,3263400,,,68,68,64,75,approaching_prime,rising,2025-26_box_score_model,1.0,nba_established,1642363
Alex Karaban,SAC,23,SF/PF,wing,active,2948280,,,,,,,approaching_prime,rising,pre_nba_projection_pending,0.0,rookie_2026_projection_pending,
Maxime Raynaud,SAC,23,C,big,active,2150917,,,81,77,74,78,approaching_prime,rising,2025-26_box_score_model,1.0,nba_established,1642875
Dylan Cardwell,SAC,24,PF,wing,active,2150917,,,77,73,71,83,approaching_prime,rising,2025-26_box_score_model,0.718,nba_established,1642928
Emanuel Sharp,SAC,22,PG,guard,active,1357763,,,,,,,approaching_prime,rising,pre_nba_projection_pending,0.0,pre_nba_or_no_nba_sample_projection_pending,
Kyrie Irving,DAL,34,PG/SG,guard,active,39491282,,,,,,,decline,declining,prior_or_external_sample_pending,0.0,no_2025_26_nba_sample,
PJ Washington,DAL,27,PF,wing,active,19813044,,,76,75,68,83,prime,stable_prime,2025-26_box_score_model,1.0,nba_established,1629023
Klay Thompson,DAL,36,SG,guard,active,17460317,,,74,73,74,66,late_career,declining_fast,2025-26_box_score_model,1.0,nba_established,202691
Daniel Gafford,DAL,27,C,big,active,17263584,,,82,81,72,86,prime,stable_prime,2025-26_box_score_model,0.995,nba_established,1629655
Santi Aldama,DAL,25,PF,wing,active,17007043,,,83,82,81,84,prime,stable_prime,2025-26_box_score_model,1.0,nba_established,1630583
Cooper Flagg,DAL,19,PF,wing,active,14517480,,,81,85,78,83,development,rising_fast,2025-26_box_score_model,1.0,nba_established,1642843
Zaccharie Risacher,DAL,21,SF,wing,active,13826040,,,74,73,72,79,development,rising_fast,2025-26_box_score_model,1.0,nba_established,1642258
Caleb Martin,DAL,30,SF,wing,active,10001494,,,69,68,67,80,late_prime,gradual_decline,2025-26_box_score_model,0.715,nba_established,1628997
Naji Marshall,DAL,28,SF,wing,active,9428571,,,79,81,79,74,prime,stable_prime,2025-26_box_score_model,1.0,nba_established,1630230
Max Christie,DAL,23,SG,guard,active,8285714,,,75,71,73,67,approaching_prime,rising,2025-26_box_score_model,1.0,nba_established,1631108
Morez Johnson,DAL,20,PF/C,big,active,6754800,,,,,,,development,rising_fast,pre_nba_projection_pending,0.0,rookie_2026_projection_pending,
Marcus Sasser,DAL,25,SG/PG,guard,active,5198983,,,76,75,76,73,prime,stable_prime,2025-26_box_score_model,0.37,nba_established,1631204
Sergio De Larrea,DAL,20,PG,guard,active,3182280,,,,,,,development,rising_fast,pre_nba_projection_pending,0.0,rookie_2026_projection_pending,
Tarik Biberovic,DAL,25,SF/SG,wing,active,3000000,,,,,,,prime,stable_prime,pre_nba_projection_pending,0.0,pre_nba_or_no_nba_sample_projection_pending,
Moussa Cissé,DAL,23,PF/C,big,active,2185116,,,74,70,71,82,approaching_prime,rising,2025-26_box_score_model,0.373,nba_established,1630619
Dereck Lively II,DAL,22,C,big,disabled,7239130,,,76,78,74,82,approaching_prime,rising,2025-26_box_score_model,0.096,low_sample_established,1641726
Kevin Durant,HOU,37,PF/SF/SG,wing,active,43902439,,,86,87,86,74,late_career,declining_fast,2025-26_box_score_model,1.0,nba_established,201142
Alperen Sengun,HOU,24,C/PF,big,active,35642202,,,85,89,79,84,approaching_prime,rising,2025-26_box_score_model,1.0,nba_established,1630578
Jabari Smith Jr.,HOU,23,PF,wing,active,23643411,,,78,74,75,77,approaching_prime,rising,2025-26_box_score_model,1.0,nba_established,1631095
Tari Eason,HOU,25,PF,wing,active,14053356,,,74,73,68,85,prime,stable_prime,2025-26_box_score_model,1.0,nba_established,1631106
Steven Adams,HOU,33,C,big,active,13000000,,,74,68,69,82,decline,declining,2025-26_box_score_model,0.608,nba_established,203500
Amen Thompson,HOU,23,PG,guard,active,12258609,,,80,84,78,81,approaching_prime,rising,2025-26_box_score_model,1.0,nba_established,1641708
Reed Sheppard,HOU,22,SG/PG,guard,active,11108880,,,83,82,80,78,approaching_prime,rising,2025-26_box_score_model,1.0,nba_established,1642263
Clint Capela,HOU,32,C,big,active,7035000,,,74,70,67,88,late_prime,gradual_decline,2025-26_box_score_model,0.738,nba_established,203991
Marcus Smart,HOU,32,PG/SG,guard,active,6064000,,,70,69,68,72,decline,declining,2025-26_box_score_model,1.0,nba_established,203935
Bogdan Bogdanovic,HOU,34,SG,guard,active,2449421,,,72,67,73,66,decline,declining,2025-26_box_score_model,0.359,nba_established,203992
Isaiah Crawford,HOU,24,SF,wing,active,2449421,,,71,61,75,80,approaching_prime,rising,2025-26_box_score_model,0.063,low_sample_established,1642384
Jae'Sean Tate,HOU,30,SF,wing,active,2449421,,,71,66,74,68,late_prime,gradual_decline,2025-26_box_score_model,0.308,nba_established,1630256
Bruce Thornton,HOU,22,PG,guard,active,1357763,,,,,,,approaching_prime,rising,pre_nba_projection_pending,0.0,rookie_2026_projection_pending,
Fred VanVleet,HOU,32,PG,guard,disabled,25000000,,,,,,,decline,declining,prior_or_external_sample_pending,0.0,no_2025_26_nba_sample,
Jerami Grant,MEM,32,PF/SF,wing,active,34206898,,,76,80,77,69,decline,declining,2025-26_box_score_model,1.0,nba_established,203924
Isaiah Stewart,MEM,25,PF/C,big,active,15000000,,,79,76,72,77,approaching_prime,rising,2025-26_box_score_model,1.0,nba_established,1630191
Cameron Boozer,MEM,19,PF,wing,active,11849760,,,,,,,development,rising_fast,pre_nba_projection_pending,0.0,rookie_2026_projection_pending,1643409
Ty Jerome,MEM,29,SG/PG,guard,active,9220050,,,82,90,80,77,prime,stable_prime,2025-26_box_score_model,0.282,nba_established,1629660
Quinten Post,MEM,26,C/PF,big,active,9000000,,,80,77,78,78,prime,stable_prime,2025-26_box_score_model,0.966,nba_established,1642366
Taylor Hendricks,MEM,22,PF/C,big,active,7805900,,,75,72,70,83,approaching_prime,rising,2025-26_box_score_model,0.914,nba_established,1641707
Zach Edey,MEM,24,C,big,active,6332760,,,79,83,74,78,approaching_prime,rising,2025-26_box_score_model,0.237,low_sample_established,1641744
Cedric Coward,MEM,22,SG/SF,wing,active,6001080,,,79,82,79,76,approaching_prime,rising,2025-26_box_score_model,1.0,nba_established,1642907
D'Angelo Russell,MEM,30,PG,guard,active,5969250,,,76,78,76,69,late_prime,gradual_decline,2025-26_box_score_model,0.412,nba_established,1626156
Kris Murray,MEM,26,PF/SF,wing,active,5315004,,,70,64,66,77,prime,stable_prime,2025-26_box_score_model,1.0,nba_established,1631200
Walter Clayton Jr.,MEM,23,PG/SG,guard,active,4190520,,,73,72,72,68,approaching_prime,rising,2025-26_box_score_model,1.0,nba_established,1642383
Taj Gibson,MEM,41,C/PF,big,active,3815861,,,75,76,75,74,late_career,declining_fast,2025-26_box_score_model,0.061,low_sample_established,201959
Karim Lopez,MEM,19,PF/SF,wing,active,3746760,,,,,,,development,rising_fast,pre_nba_projection_pending,0.0,rookie_2026_projection_pending,
AJ Johnson,MEM,21,PG,guard,active,3237120,,,71,65,73,70,development,rising_fast,2025-26_box_score_model,0.327,nba_established,1642358
Olivier-Maxence Prosper,MEM,24,SF/PF,wing,active,2497812,,,80,81,78,79,approaching_prime,rising,2025-26_box_score_model,0.822,nba_established,1641765
Scotty Pippen Jr.,MEM,23,PG/SG,guard,active,2461462,,,77,83,75,78,approaching_prime,rising,2025-26_box_score_model,0.177,low_sample_established,1630590
Cam Spencer,MEM,26,PG/SG,guard,active,2411090,,,82,81,83,68,prime,stable_prime,2025-26_box_score_model,1.0,nba_established,1642285
GG Jackson II,MEM,21,PF/C,big,active,2406205,,,82,83,77,81,development,rising_fast,2025-26_box_score_model,0.981,nba_established,1641713
Jaylen Wells,MEM,22,SF,wing,active,2296271,,,73,72,74,69,approaching_prime,rising,2025-26_box_score_model,1.0,nba_established,1642377
Zion Williamson,NOP,26,PF,wing,active,42166510,,,84,88,81,79,prime,stable_prime,2025-26_box_score_model,1.0,nba_established,1629627
Jordan Poole,NOP,27,SG,guard,active,34044642,,,77,78,77,66,prime,stable_prime,2025-26_box_score_model,0.754,nba_established,1629673
Dejounte Murray,NOP,29,SG/PG,guard,active,32785071,,,80,87,77,79,prime,stable_prime,2025-26_box_score_model,0.324,nba_established,1627749
Trey Murphy III,NOP,26,SF/SG,wing,active,27000000,,,86,85,87,78,prime,stable_prime,2025-26_box_score_model,1.0,nba_established,1630530
Herbert Jones,NOP,27,SG/SF,wing,active,14898786,,,69,68,68,76,prime,stable_prime,2025-26_box_score_model,1.0,nba_established,1630529
Jeremiah Fears,NOP,19,PG,guard,active,7896240,,,77,81,74,78,development,rising_fast,2025-26_box_score_model,1.0,nba_established,1642847
Jordan Hawkins,NOP,24,SG,guard,active,7021895,,,68,63,70,69,approaching_prime,rising,2025-26_box_score_model,0.531,nba_established,1641722
Saddiq Bey,NOP,27,PF/SF,wing,active,6557080,,,79,79,82,73,prime,stable_prime,2025-26_box_score_model,1.0,nba_established,1630180
Derik Queen,NOP,21,PF/C,big,active,5416080,,,81,83,71,87,development,rising_fast,2025-26_box_score_model,1.0,nba_established,1642852
DeAndre Jordan,NOP,38,C,big,active,3876529,,,75,71,74,78,late_career,declining_fast,2025-26_box_score_model,0.166,low_sample_established,201599
Yves Missi,NOP,22,C,big,active,3512760,,,75,69,69,80,approaching_prime,rising,2025-26_box_score_model,1.0,nba_established,1642274
Bryce McGowens,NOP,23,SG,guard,active,2584539,,,75,71,77,66,approaching_prime,rising,2025-26_box_score_model,0.735,nba_established,1631121
Caleb Houstan,NOP,23,SF/SG,wing,active,2449421,,,76,80,75,70,approaching_prime,rising,2025-26_box_score_model,0.063,low_sample_established,1631216
Trendon Watford,NOP,25,SF/PF,wing,active,2449421,,,77,78,75,74,prime,stable_prime,2025-26_box_score_model,0.715,nba_established,1630570
Karlo Matkovic,NOP,25,PF/C,big,active,2296271,,,78,77,74,81,approaching_prime,rising,2025-26_box_score_model,0.759,nba_established,1631255
Micah Peavy,NOP,25,SG,guard,active,2150917,,,69,64,70,73,prime,stable_prime,2025-26_box_score_model,0.698,nba_established,1642877
De'Aaron Fox,SAS,28,PG,guard,active,49488300,,,83,84,84,72,prime,stable_prime,2025-26_box_score_model,1.0,nba_established,1628368
Devin Vassell,SAS,25,SG,guard,active,27500000,,,79,75,79,71,prime,stable_prime,2025-26_box_score_model,1.0,nba_established,1630170
Keldon Johnson,SAS,26,SF,wing,active,18000000,,,81,80,83,73,prime,stable_prime,2025-26_box_score_model,1.0,nba_established,1629640
Victor Wembanyama,SAS,22,PF/C,big,active,16868246,,,91,92,85,88,approaching_prime,rising,2025-26_box_score_model,1.0,nba_established,1641705
Julian Champagnie,SAS,25,SG/SF,wing,active,15350000,,,78,74,77,78,prime,stable_prime,2025-26_box_score_model,1.0,nba_established,1630577
Tobias Harris,SAS,34,PF/SF,wing,active,15044000,,,79,78,81,78,decline,declining,2025-26_box_score_model,1.0,nba_established,202699
Dylan Harper,SAS,20,PG/SG,guard,active,12989040,,,82,83,83,74,development,rising_fast,2025-26_box_score_model,1.0,nba_established,1642844
Luke Kornet,SAS,31,C/PF,big,active,10450000,,,82,76,80,80,late_prime,gradual_decline,2025-26_box_score_model,1.0,nba_established,1628436
Stephon Castle,SAS,21,PG/SG,guard,active,10015920,,,80,85,78,74,development,rising_fast,2025-26_box_score_model,1.0,nba_established,1642264
Harrison Barnes,SAS,34,PF/SF,wing,active,8000000,,,71,70,76,67,decline,declining,2025-26_box_score_model,1.0,nba_established,203084
Carter Bryant,SAS,20,SF,wing,active,5145360,,,69,66,69,74,development,rising_fast,2025-26_box_score_model,0.612,nba_established,1642868
Jayden Quaintance,SAS,19,PF/C,big,active,3902760,,,,,,,development,rising_fast,pre_nba_projection_pending,0.0,rookie_2026_projection_pending,
Tarris Reed Jr.,SAS,23,PF/C,big,active,3076920,,,,,,,approaching_prime,rising,pre_nba_projection_pending,0.0,rookie_2026_projection_pending,
Jordan McLaughlin,SAS,30,PG,guard,active,2449421,,,73,69,74,76,late_prime,gradual_decline,2025-26_box_score_model,0.222,low_sample_established,1629162
Nikola Jokic,DEN,31,C,big,active,59033114,,,94,95,92,88,late_prime,gradual_decline,2025-26_box_score_model,1.0,nba_established,203999
Jamal Murray,DEN,29,PG/SG,guard,active,50105628,,,88,86,89,70,prime,stable_prime,2025-26_box_score_model,1.0,nba_established,1627750
Aaron Gordon,DEN,30,PF/SF,wing,active,31978037,,,82,83,83,75,late_prime,gradual_decline,2025-26_box_score_model,0.82,nba_established,203932
Cameron Johnson,DEN,30,SF/PF,wing,active,23062500,,,74,74,78,69,late_prime,gradual_decline,2025-26_box_score_model,1.0,nba_established,1629661
Christian Braun,DEN,25,SG,guard,active,21551726,,,73,72,76,68,prime,stable_prime,2025-26_box_score_model,1.0,nba_established,1631128
Zeke Nnaji,DEN,25,PF,wing,active,7466667,,,73,67,70,77,prime,stable_prime,2025-26_box_score_model,0.486,nba_established,1630192
Spencer Jones,DEN,25,PF,wing,active,6000000,,,72,66,71,75,prime,stable_prime,2025-26_box_score_model,1.0,nba_established,1642461
Julian Strawther,DEN,24,SF,wing,active,4826931,,,75,73,77,69,approaching_prime,rising,2025-26_box_score_model,0.648,nba_established,1631124
DaRon Holmes,DEN,24,PF,wing,active,3372120,,,76,77,75,70,approaching_prime,rising,2025-26_box_score_model,0.167,low_sample_established,1641747
Marvin Bagley III,DEN,27,PF,wing,active,2449421,,,85,84,80,80,prime,stable_prime,2025-26_box_score_model,0.971,nba_established,1628963
Tyus Jones,DEN,30,PG,guard,active,2449421,,,69,63,71,70,late_prime,gradual_decline,2025-26_box_score_model,0.778,nba_established,1626145
Trevon Brazile,DEN,23,PF,wing,active,1357763,,,,,,,approaching_prime,rising,pre_nba_projection_pending,0.0,rookie_2026_projection_pending,
Alpha Diallo,DEN,29,SF,wing,active,1357763,,,,,,,prime,stable_prime,pre_nba_projection_pending,0.0,pre_nba_or_no_nba_sample_projection_pending,
Peyton Watson,DEN,23,SG/SF/PF,wing,restricted_free_agent_unsigned,,13069428,6534714,78,79,75,78,approaching_prime,rising,2025-26_box_score_model,1.0,nba_established,1631212
Anthony Edwards,MIN,25,SF/SG,wing,active,48924624,,,87,87,87,79,prime,stable_prime,2025-26_box_score_model,1.0,nba_established,1630162
LaMelo Ball,MIN,24,SG/PG,guard,active,40770520,,,85,86,83,75,approaching_prime,rising,2025-26_box_score_model,1.0,nba_established,1630163
Rudy Gobert,MIN,34,C,big,active,36500000,,,80,75,68,84,decline,declining,2025-26_box_score_model,1.0,nba_established,203497
Jaden McDaniels,MIN,25,SF/PF,wing,active,26200001,,,79,79,79,75,prime,stable_prime,2025-26_box_score_model,1.0,nba_established,1630183
Ayo Dosunmu,MIN,26,PG,guard,active,19310345,,,85,83,86,71,prime,stable_prime,2025-26_box_score_model,1.0,nba_established,1630245
Josh Green,MIN,25,SG/SF,wing,active,14679012,,,70,66,68,71,prime,stable_prime,2025-26_box_score_model,0.737,nba_established,1630182
Donte DiVincenzo,MIN,29,SG,guard,active,12535000,,,78,75,75,75,prime,stable_prime,2025-26_box_score_model,1.0,nba_established,1628978
Joan Beringer,MIN,19,C,big,active,4411200,,,77,79,74,74,development,rising_fast,2025-26_box_score_model,0.194,low_sample_established,1642866
Jaylen Clark,MIN,24,SG,guard,active,3086420,,,70,65,72,74,approaching_prime,rising,2025-26_box_score_model,0.677,nba_established,1641740
Terrence Shannon Jr.,MIN,26,SG,guard,active,2801640,,,70,64,73,65,prime,stable_prime,2025-26_box_score_model,0.37,nba_established,1630545
Bones Hyland,MIN,25,PG/SG,guard,active,2449421,,,83,82,85,70,prime,stable_prime,2025-26_box_score_model,0.963,nba_established,1630538
Trey Lyles,MIN,30,PF,wing,active,2449421,,,,,,,late_prime,gradual_decline,prior_or_external_sample_pending,0.0,no_2025_26_nba_sample,
Isaiah Evans,MIN,20,SF/PG,wing,active,1357763,,,,,,,development,rising_fast,pre_nba_projection_pending,0.0,rookie_2026_projection_pending,
Chet Holmgren,OKC,24,C,big,active,41240250,,,86,84,81,82,approaching_prime,rising,2025-26_box_score_model,1.0,nba_established,1631096
Jalen Williams,OKC,25,SG/SF,wing,active,41240250,,,81,85,80,78,prime,stable_prime,2025-26_box_score_model,0.755,nba_established,1631114
Shai Gilgeous-Alexander,OKC,28,PG/SG,guard,active,40806150,,,92,91,94,78,prime,stable_prime,2025-26_box_score_model,1.0,nba_established,1628983
Isaiah Hartenstein,OKC,28,C/PF,big,active,23148148,,,82,83,73,87,prime,stable_prime,2025-26_box_score_model,0.931,nba_established,1628392
Alex Caruso,OKC,32,PG/SG,guard,active,19550160,,,74,73,74,81,decline,declining,2025-26_box_score_model,0.839,nba_established,1627936
Jaylin Williams,OKC,24,PF,wing,active,7774648,,,78,79,76,80,approaching_prime,rising,2025-26_box_score_model,1.0,nba_established,1631119
Cason Wallace,OKC,22,PG/SG,guard,active,7420806,,,74,70,73,77,approaching_prime,rising,2025-26_box_score_model,1.0,nba_established,1641717
Aday Mara,OKC,21,C,big,active,5791680,,,,,,,development,rising_fast,pre_nba_projection_pending,0.0,rookie_2026_projection_pending,
Nikola Topic,OKC,21,PG,guard,active,5429760,,,72,65,75,65,development,rising_fast,2025-26_box_score_model,0.069,low_sample_established,1642260
Kenrich Williams,OKC,31,PF/SF,wing,active,5000000,,,76,77,75,77,late_prime,gradual_decline,2025-26_box_score_model,0.654,nba_established,1629026
Bennett Stirtz,OKC,22,PG,guard,active,4717320,,,,,,,approaching_prime,rising,pre_nba_projection_pending,0.0,rookie_2026_projection_pending,
Jared McCain,OKC,22,SG/PG,guard,active,4422600,,,76,73,76,68,approaching_prime,rising,2025-26_box_score_model,0.923,nba_established,1642272
Ajay Mitchell,OKC,24,PG/SG,guard,active,2850000,,,83,83,84,76,approaching_prime,rising,2025-26_box_score_model,1.0,nba_established,1642349
Thomas Sorber,OKC,20,C/PF,big,disabled,4887720,,,,,,,development,rising_fast,pre_nba_projection_pending,0.0,pre_nba_or_no_nba_sample_projection_pending,
Ja Morant,POR,27,PG,guard,active,42166510,,,78,82,76,73,prime,stable_prime,2025-26_box_score_model,0.475,nba_established,1629630
Jrue Holiday,POR,36,PG/SG,guard,active,34800000,,,84,84,82,74,late_career,declining_fast,2025-26_box_score_model,1.0,nba_established,201950
Shaedon Sharpe,POR,23,SG,guard,active,20089287,,,77,81,74,75,approaching_prime,rising,2025-26_box_score_model,1.0,nba_established,1631101
Toumani Camara,POR,26,PF,wing,active,18080358,,,75,73,73,74,prime,stable_prime,2025-26_box_score_model,1.0,nba_established,1641739
Robert Williams III,POR,28,C,big,active,14000000,,,80,80,69,88,prime,stable_prime,2025-26_box_score_model,0.798,nba_established,1629057
Scoot Henderson,POR,22,PG,guard,active,13585523,,,77,81,77,68,approaching_prime,rising,2025-26_box_score_model,0.542,nba_established,1630703
Damian Lillard,POR,36,PG,guard,active,13398800,,,,,,,late_career,declining_fast,prior_or_external_sample_pending,0.0,no_2025_26_nba_sample,
Deni Avdija,POR,25,SG/SF,wing,active,13125000,,,82,89,79,76,prime,stable_prime,2025-26_box_score_model,1.0,nba_established,1630166
Donovan Clingan,POR,22,C,big,active,7519920,,,84,80,75,83,approaching_prime,rising,2025-26_box_score_model,1.0,nba_established,1642270
Yang Hansen,POR,21,C,big,active,4643520,,,70,66,72,75,development,rising_fast,2025-26_box_score_model,0.246,low_sample_established,
Micah Potter,POR,28,PF/C,big,active,2801346,,,81,82,79,75,prime,stable_prime,2025-26_box_score_model,0.689,nba_established,1630695
Vit Krejci,POR,26,SG,guard,active,2667944,,,77,73,79,69,prime,stable_prime,2025-26_box_score_model,1.0,nba_established,1630249
Sidy Cissoko,POR,22,PG/SF,wing,active,2497812,,,64,64,62,70,approaching_prime,rising,2025-26_box_score_model,1.0,nba_established,1631321
Branden Carlson,POR,27,C,big,active,2449421,,,78,79,76,78,prime,stable_prime,2025-26_box_score_model,0.34,nba_established,1642382
Jeremy Sochan,POR,23,PG/SF,wing,active,2449421,,,73,72,73,77,approaching_prime,rising,2025-26_box_score_model,0.37,nba_established,1631110
Jaren Jackson Jr.,UTA,26,C/PF,big,active,49000000,,,80,83,76,80,prime,stable_prime,2025-26_box_score_model,1.0,nba_established,1628991
Lauri Markkanen,UTA,29,SF/PF,wing,active,46113154,,,84,83,84,78,prime,stable_prime,2025-26_box_score_model,1.0,nba_established,1628374
Darryn Peterson,UTA,19,PG/SG,guard,active,13195320,,,,,,,development,rising_fast,pre_nba_projection_pending,0.0,rookie_2026_projection_pending,1643408
Jusuf Nurkic,UTA,31,C,big,active,11458333,,,81,82,75,87,late_prime,gradual_decline,2025-26_box_score_model,0.902,nba_established,203994
Ace Bailey,UTA,20,SF,wing,active,9523080,,,74,75,73,73,development,rising_fast,2025-26_box_score_model,1.0,nba_established,1642846
Keyonte George,UTA,22,SG,guard,active,6563925,,,84,85,84,70,approaching_prime,rising,2025-26_box_score_model,1.0,nba_established,1641718
John Konchar,UTA,30,SG,guard,active,6165000,,,73,72,72,87,late_prime,gradual_decline,2025-26_box_score_model,0.876,nba_established,1629723
Cody Williams,UTA,21,SF,wing,active,6015600,,,70,68,71,73,development,rising_fast,2025-26_box_score_model,1.0,nba_established,1642262
Jaxson Hayes,UTA,26,C/PF,big,active,6000000,,,80,77,75,77,prime,stable_prime,2025-26_box_score_model,1.0,nba_established,1629637
Josh Okogie,UTA,27,SG,guard,active,6000000,,,68,64,65,75,prime,stable_prime,2025-26_box_score_model,1.0,nba_established,1629006
Brice Sensabaugh,UTA,22,SF,wing,active,4862237,,,79,80,80,69,approaching_prime,rising,2025-26_box_score_model,1.0,nba_established,1641729
Svi Mykhailiuk,UTA,29,SF/SG,wing,active,3850000,,,78,72,81,64,prime,stable_prime,2025-26_box_score_model,0.963,nba_established,1629004
Mo Bamba,UTA,28,C,big,active,3506659,,,72,63,74,75,prime,stable_prime,2025-26_box_score_model,0.037,low_sample_established,1628964
Kyle Filipowski,UTA,22,C,big,active,3000000,,,83,84,76,84,approaching_prime,rising,2025-26_box_score_model,1.0,nba_established,1642271
Isaiah Collier,UTA,21,PG,guard,active,2763960,,,78,79,78,71,development,rising_fast,2025-26_box_score_model,1.0,nba_established,1642268
Jalen Johnson,ATL,24,PF/SF,wing,active,30000000,,,85,89,83,83,approaching_prime,rising,2025-26_box_score_model,1.0,nba_established,1630552
Dyson Daniels,ATL,23,SG/SF,wing,active,25000000,,,77,76,76,83,approaching_prime,rising,2025-26_box_score_model,1.0,nba_established,1630700
CJ McCollum,ATL,34,SG,guard,active,21000000,,,82,81,83,69,decline,declining,2025-26_box_score_model,1.0,nba_established,203468
Lu Dort,ATL,27,SF/PF,wing,active,17722222,,,69,,67,73,prime,stable_prime,2025-26_box_score_model,1.0,nba_established,1629652
Onyeka Okongwu,ATL,25,PF/C,big,active,16120000,,,84,84,80,84,approaching_prime,rising,2025-26_box_score_model,1.0,nba_established,1630168
Nickeil Alexander-Walker,ATL,27,SG,guard,active,14403710,,,84,83,83,73,prime,stable_prime,2025-26_box_score_model,1.0,nba_established,1629638
Jock Landale,ATL,30,C/PF,big,active,14100000,,,82,80,81,77,prime,stable_prime,2025-26_box_score_model,1.0,nba_established,1629111
Corey Kispert,ATL,27,SF,wing,active,13975000,,,77,76,82,67,prime,stable_prime,2025-26_box_score_model,0.864,nba_established,1630557
Buddy Hield,ATL,33,SG,guard,active,9658536,,,74,75,74,77,decline,declining,2025-26_box_score_model,0.667,nba_established,1627741
Aaron Wiggins,ATL,27,SG,guard,active,9028038,,,73,74,70,78,prime,stable_prime,2025-26_box_score_model,1.0,nba_established,1630598
Kingston Flemings,ATL,19,PG,guard,active,7348580,,,,,,,development,rising_fast,pre_nba_projection_pending,0.0,rookie_2026_projection_pending,
Devin Carter,ATL,24,SG,guard,active,5158080,,,76,79,75,79,approaching_prime,rising,2025-26_box_score_model,0.525,nba_established,1642269
Zuby Ejiofor,ATL,22,PF,wing,active,3453360,,,,,,,approaching_prime,rising,pre_nba_projection_pending,0.0,rookie_2026_projection_pending,
Asa Newell,ATL,20,PF/C,big,active,3399480,,,76,78,75,76,development,rising_fast,2025-26_box_score_model,0.378,nba_established,1642854
Mouhamed Gueye,ATL,23,PF,wing,active,2406205,,,75,70,70,86,approaching_prime,rising,2025-26_box_score_model,0.956,nba_established,1631243
Ryan Nembhard,ATL,23,PG,guard,active,2150917,,,74,68,76,63,approaching_prime,rising,2025-26_box_score_model,0.893,nba_established,1642948
Henri Veesaar,ATL,22,C,big,active,1357763,,,,,,,approaching_prime,rising,pre_nba_projection_pending,0.0,rookie_2026_projection_pending,
Jayson Tatum,BOS,28,SF/PF,wing,active,58456566,,,80,86,78,80,prime,stable_prime,2025-26_box_score_model,0.401,nba_established,1628369
Paul George,BOS,36,SF/SG,wing,active,54126380,,,84,85,82,82,late_career,declining_fast,2025-26_box_score_model,0.881,nba_established,202331
Derrick White,BOS,32,SG/PG,guard,active,30348000,,,79,79,78,76,decline,declining,2025-26_box_score_model,1.0,nba_established,1628401
Mitchell Robinson,BOS,28,C,big,active,15044000,,,79,74,69,90,prime,stable_prime,2025-26_box_score_model,0.964,nba_established,1629011
Sam Hauser,BOS,28,SF,wing,active,10848215,,,73,69,74,71,prime,stable_prime,2025-26_box_score_model,1.0,nba_established,1630573
Payton Pritchard,BOS,28,PG,guard,active,7767857,,,83,79,87,65,prime,stable_prime,2025-26_box_score_model,1.0,nba_established,1630202
Ron Harper Jr.,BOS,26,SG/SF,wing,active,3150752,,,72,66,75,73,prime,stable_prime,2025-26_box_score_model,0.225,low_sample_established,1631199
Chris Cenac Jr.,BOS,19,PF/C,big,active,2988120,,,,,,,development,rising_fast,pre_nba_projection_pending,0.0,rookie_2026_projection_pending,
Hugo Gonzalez,BOS,20,SF,wing,active,2923560,,,68,65,65,79,development,rising_fast,2025-26_box_score_model,0.882,nba_established,1642864
Luka Garza,BOS,27,C,big,active,2801346,,,81,81,80,74,prime,stable_prime,2025-26_box_score_model,0.888,nba_established,1630568
Baylor Scheierman,BOS,25,SG/SF,wing,active,2744040,,,74,68,75,73,prime,stable_prime,2025-26_box_score_model,1.0,nba_established,1631248
Neemias Queta,BOS,27,C,big,active,2667944,,,82,80,72,84,prime,stable_prime,2025-26_box_score_model,1.0,nba_established,1629674
Mike Conley,BOS,38,PG,guard,active,2449421,,,71,66,72,70,late_career,declining_fast,2025-26_box_score_model,0.804,nba_established,201144
Jordan Walsh,BOS,22,SF,wing,active,2406205,,,74,71,72,82,approaching_prime,rising,2025-26_box_score_model,0.948,nba_established,1641775
Dillon Mitchell,BOS,22,SF,wing,inactive,0,,,,,,,approaching_prime,rising,pre_nba_projection_pending,0.0,pre_nba_or_no_nba_sample_projection_pending,
Michael Porter Jr.,BKN,28,SF,wing,active,40806150,,,85,85,85,78,prime,stable_prime,2025-26_box_score_model,1.0,nba_established,1629008
Julius Randle,BKN,31,C/PF,big,active,33333334,,,82,85,80,76,late_prime,gradual_decline,2025-26_box_score_model,1.0,nba_established,203944
Terance Mann,BKN,29,SG,guard,active,15500000,,,73,68,74,67,prime,stable_prime,2025-26_box_score_model,1.0,nba_established,1629611
Day'Ron Sharpe,BKN,24,C,big,active,10000000,,,83,87,74,88,approaching_prime,rising,2025-26_box_score_model,0.966,nba_established,1630549
Keon Ellis,BKN,26,SG,guard,active,9000000,,,73,68,73,76,prime,stable_prime,2025-26_box_score_model,1.0,nba_established,1631165
Moritz Wagner,BKN,29,C,big,active,9000000,,,77,78,75,75,prime,stable_prime,2025-26_box_score_model,0.35,nba_established,1629021
Mikel Brown Jr.,BKN,20,PG/SG,guard,active,8787000,,,,,,,development,rising_fast,pre_nba_projection_pending,0.0,rookie_2026_projection_pending,
Egor Demin,BKN,20,PG/SF,wing,active,7233720,,,74,75,73,72,development,rising_fast,2025-26_box_score_model,1.0,nba_established,
Noah Clowney,BKN,22,PF/C,big,active,5414034,,,73,74,69,76,approaching_prime,rising,2025-26_box_score_model,1.0,nba_established,1641730
Josh Minott,BKN,23,SF,wing,active,4500000,,,78,79,75,84,approaching_prime,rising,2025-26_box_score_model,0.695,nba_established,1631169
Nolan Traore,BKN,20,PG,guard,active,4002000,,,72,72,71,69,development,rising_fast,2025-26_box_score_model,1.0,nba_established,1642849
Drake Powell,BKN,20,SG,guard,active,3540600,,,67,63,69,65,development,rising_fast,2025-26_box_score_model,1.0,nba_established,1642962
Ben Saraf,BKN,20,PG/SG,guard,active,3028560,,,70,69,70,71,development,rising_fast,2025-26_box_score_model,0.683,nba_established,1642879
Joshua Jefferson,BKN,22,C/PF,big,active,2969520,,,,,,,approaching_prime,rising,pre_nba_projection_pending,0.0,rookie_2026_projection_pending,
Danny Wolf,BKN,22,PF/C,big,active,2941440,,,76,76,71,78,approaching_prime,rising,2025-26_box_score_model,0.988,nba_established,1642874
Coby White,CHA,26,SG/PG,guard,active,26811593,,,81,83,81,66,prime,stable_prime,2025-26_box_score_model,1.0,nba_established,1629632
Naz Reid,CHA,26,C,big,active,23275862,,,82,83,77,85,prime,stable_prime,2025-26_box_score_model,1.0,nba_established,1629675
Grayson Allen,CHA,30,SG,guard,active,18125000,,,83,82,83,73,late_prime,gradual_decline,2025-26_box_score_model,1.0,nba_established,1628960
Brandon Miller,CHA,23,SF/SG,wing,active,15104626,,,82,85,80,77,approaching_prime,rising,2025-26_box_score_model,1.0,nba_established,1641706
Dennis Schroder,CHA,32,PG,guard,active,14809200,,,76,75,76,69,decline,declining,2025-26_box_score_model,1.0,nba_established,203471
Grant Williams,CHA,27,PF,wing,active,14265750,,,75,74,74,75,prime,stable_prime,2025-26_box_score_model,0.555,nba_established,1629684
Dorian Finney-Smith,CHA,33,PF/SF,wing,active,14196974,,,68,59,69,70,decline,declining,2025-26_box_score_model,0.498,nba_established,1627827
Royce O'Neale,CHA,33,PF/SF,wing,active,10875000,,,73,73,70,78,decline,declining,2025-26_box_score_model,1.0,nba_established,1626220
Kon Knueppel,CHA,21,SF/SG,wing,active,10516560,,,84,83,83,70,development,rising_fast,2025-26_box_score_model,1.0,nba_established,1642851
Tidjane Salaün,CHA,21,SF/PF,wing,active,8237880,,,75,74,73,75,development,rising_fast,2025-26_box_score_model,0.477,nba_established,1642275
Hannes Steinbach,CHA,20,PF/C,big,active,5227200,,,,,,,development,rising_fast,pre_nba_projection_pending,0.0,rookie_2026_projection_pending,
Christian Anderson,CHA,20,PG,guard,active,4257480,,,,,,,development,rising_fast,pre_nba_projection_pending,0.0,rookie_2026_projection_pending,
Pat Connaughton,CHA,33,SG/SF,wing,active,3815861,,,74,73,74,77,decline,declining,2025-26_box_score_model,0.243,low_sample_established,1626192
Liam McNeeley,CHA,20,SF/PF,wing,active,2902080,,,73,70,75,69,development,rising_fast,2025-26_box_score_model,0.302,nba_established,1642862
Moussa Diabaté,CHA,24,PF/C,big,active,2461462,,,81,75,73,84,approaching_prime,rising,2025-26_box_score_model,1.0,nba_established,1631217
Sion James,CHA,23,PG/SF,wing,active,2411090,,,69,65,67,72,approaching_prime,rising,2025-26_box_score_model,1.0,nba_established,1642883
Ryan Kalkbrenner,CHA,24,C,big,active,2411090,,,77,74,66,81,approaching_prime,rising,2025-26_box_score_model,1.0,nba_established,1641750
Josh Giddey,CHI,23,PF/SF,wing,active,25000000,,,82,86,79,82,approaching_prime,rising,2025-26_box_score_model,1.0,nba_established,1630581
Nicolas Claxton,CHI,27,C/PF,big,active,23320738,,,83,,77,81,prime,stable_prime,2025-26_box_score_model,1.0,nba_established,1629651
Norman Powell,CHI,33,SG,guard,active,21500000,,,84,83,84,72,decline,declining,2025-26_box_score_model,1.0,nba_established,1626181
Patrick Williams,CHI,24,PF/SF,wing,active,18000000,,,67,66,65,75,approaching_prime,rising,2025-26_box_score_model,1.0,nba_established,1630172
Isaac Okoro,CHI,25,SG/SF,wing,active,11814814,,,71,66,74,68,prime,stable_prime,2025-26_box_score_model,1.0,nba_established,1630171
Caleb Wilson,CHI,20,PF/C,big,active,10683720,,,,,,,development,rising_fast,pre_nba_projection_pending,0.0,rookie_2026_projection_pending,
Jalen Smith,CHI,26,PF,wing,active,9428571,,,82,81,75,82,prime,stable_prime,2025-26_box_score_model,0.914,nba_established,1630188
Zach Collins,CHI,28,C/PF,big,active,8500000,,,78,84,76,73,prime,stable_prime,2025-26_box_score_model,0.153,low_sample_established,1628380
Tre Jones,CHI,26,PG,guard,active,8000000,,,83,84,85,73,prime,stable_prime,2025-26_box_score_model,1.0,nba_established,1630200
Rob Dillingham,CHI,21,PG,guard,active,6889320,,,73,74,71,73,development,rising_fast,2025-26_box_score_model,0.737,nba_established,1642265
Matas Buzelis,CHI,21,SF,wing,active,5715360,,,79,82,76,79,development,rising_fast,2025-26_box_score_model,1.0,nba_established,1641824
Noa Essengue,CHI,19,PF,wing,active,5701200,,,69,54,75,74,development,rising_fast,2025-26_box_score_model,0.005,low_sample_established,1642855
Dailyn Swain,CHI,21,SF/PF,wing,active,4965480,,,,,,,development,rising_fast,pre_nba_projection_pending,0.0,rookie_2026_projection_pending,
Leonard Miller,CHI,22,SF,wing,active,2406205,,,76,79,75,76,approaching_prime,rising,2025-26_box_score_model,0.505,nba_established,1631159
Luka Doncic,LAL,27,PG/SG,guard,active,51033600,,,91,92,90,82,prime,stable_prime,2025-26_box_score_model,1.0,nba_established,1629029
Austin Reaves,LAL,28,SG,guard,active,41240250,,,85,87,85,72,prime,stable_prime,2025-26_box_score_model,1.0,nba_established,1630559
Walker Kessler,LAL,25,C/PF,big,active,30108821,,,79,87,75,84,approaching_prime,rising,2025-26_box_score_model,0.128,low_sample_established,1631117
Quentin Grimes,LAL,26,SG,guard,active,13953489,,,77,77,77,71,prime,stable_prime,2025-26_box_score_model,1.0,nba_established,1629656
Sandro Mamukelashvili,LAL,27,C/PF,big,active,13000000,,,85,85,84,83,prime,stable_prime,2025-26_box_score_model,1.0,nba_established,1630572
Jarred Vanderbilt,LAL,27,PF/SF,wing,active,12428571,,,74,70,67,85,prime,stable_prime,2025-26_box_score_model,0.889,nba_established,1629020
Collin Sexton,LAL,27,PG/SG,guard,active,9366000,,,84,84,83,70,prime,stable_prime,2025-26_box_score_model,1.0,nba_established,1629012
Jaden Hardy,LAL,24,SG/PG,guard,active,6000000,,,74,74,74,63,approaching_prime,rising,2025-26_box_score_model,0.735,nba_established,1630702
Jake LaRavia,LAL,24,SF/PF,wing,active,6000000,,,74,71,69,79,approaching_prime,rising,2025-26_box_score_model,1.0,nba_established,1631222
Dalton Knecht,LAL,25,SG/SF,wing,active,4201080,,,69,65,71,70,prime,stable_prime,2025-26_box_score_model,0.446,nba_established,1642261
Cameron Carr,LAL,21,SG,guard,active,3315360,,,,,,,development,rising_fast,pre_nba_projection_pending,0.0,rookie_2026_projection_pending,
Kevon Looney,LAL,30,C/PF,big,active,2449421,,,74,69,74,79,prime,stable_prime,2025-26_box_score_model,0.237,low_sample_established,1626172
Matisse Thybulle,LAL,29,SG,guard,active,2449421,,,74,75,73,82,prime,stable_prime,2025-26_box_score_model,0.358,nba_established,1629680
Ziaire Williams,LAL,24,SF,wing,active,2449421,,,73,73,71,76,approaching_prime,rising,2025-26_box_score_model,1.0,nba_established,1630533
Bronny James,LAL,21,PG/SG,guard,active,2296271,,,72,67,74,75,development,rising_fast,2025-26_box_score_model,0.27,nba_established,1642355
Adou Thiero,LAL,22,SF/PF,wing,active,2150917,,,73,69,74,79,approaching_prime,rising,2025-26_box_score_model,0.108,low_sample_established,1642876
Anthony Davis,WAS,33,C/PF,big,active,58456566,,,81,86,76,86,decline,declining,2025-26_box_score_model,0.522,nba_established,203076
Trae Young,WAS,27,PG,guard,active,49488300,,,80,85,79,68,prime,stable_prime,2025-26_box_score_model,0.32,nba_established,1629027
AJ Dybantsa,WAS,19,SF/PF,wing,active,14748000,,,,,,,development,rising_fast,pre_nba_projection_pending,0.0,rookie_2026_projection_pending,1643407
Alexandre Sarr,WAS,21,C,big,active,12370680,,,81,,76,84,development,rising_fast,2025-26_box_score_model,1.0,nba_established,1642259
Bilal Coulibaly,WAS,22,SF,wing,active,9240012,,,73,77,70,83,approaching_prime,rising,2025-26_box_score_model,1.0,nba_established,1641731
Tre Johnson,WAS,20,SG,guard,active,8649600,,,73,74,73,68,development,rising_fast,2025-26_box_score_model,1.0,nba_established,1642848
Deandre Ayton,WAS,28,C,big,active,8104000,,,81,78,71,81,prime,stable_prime,2025-26_box_score_model,1.0,nba_established,1629028
Khris Middleton,WAS,35,SF,wing,active,5591112,,,75,75,75,71,decline,declining,2025-26_box_score_model,1.0,nba_established,203114
Cam Whitmore,WAS,22,SF,wing,active,5458310,,,75,76,74,80,approaching_prime,rising,2025-26_box_score_model,0.296,nba_established,1641715
Carlton Carrington,WAS,21,SG/PG,guard,active,4900560,,,75,,72,66,development,rising_fast,2025-26_box_score_model,1.0,nba_established,1642267
Will Riley,WAS,20,SF,wing,active,3688320,,,74,74,74,70,development,rising_fast,2025-26_box_score_model,1.0,nba_established,1642860
Kyshawn George,WAS,22,SF/SG,wing,active,3108000,,,81,83,78,78,approaching_prime,rising,2025-26_box_score_model,1.0,nba_established,1642273
Tristan Vukcevic,WAS,23,PF/C,big,active,3000000,,,81,86,77,82,approaching_prime,rising,2025-26_box_score_model,0.559,nba_established,1641774
Justin Champagnie,WAS,25,SF/PF,wing,active,2667944,,,81,79,76,86,prime,stable_prime,2025-26_box_score_model,1.0,nba_established,1630551
